url_length,domain_length,path_length,query_length,dot_count,hyphen_count,underscore_count,slash_count,questionmark_count,equal_count,at_count,and_count,exclamation_count,space_count,tilde_count,comma_count,plus_count,asterisk_count,hashtag_count,dollar_count,percent_count,has_ip,has_https,has_http,subdomain_count,suspicious_keywords,digit_count,letter_count,domain_token_count,path_token_count,url_entropy,url,label
31,18,5,0,2,0,0,3,0,0,0,0,0,0,0,0,0,0,0,0,0,0,1,0,1,0,0,25,3,1,4.042433003725894,https://www.cloudflare.com/help,0
78,44,6,19,4,2,0,3,1,2,0,1,0,0,0,0,0,0,0,0,0,0,1,0,3,5,3,61,5,1,4.623238879224499,https://google.com.verify.secure-account-update.info/login?user=admin&pass=123,1
38,21,9,0,2,0,0,3,0,0,0,0,0,0,0,0,0,0,0,0,0,0,1,0,1,0,0,32,3,1,4.083067973799102,https://www.stackoverflow.com/products,0
32,15,9,0,2,0,0,3,0,0,0,0,0,0,0,0,0,0,0,0,0,0,1,0,1,0,0,26,3,1,3.9292292966721747,https://docs.python.org/services,0
32,16,8,0,2,0,0,3,0,0,0,0,0,0,0,0,0,0,0,0,0,0,1,0,1,0,0,26,3,1,3.9681390622295662,https://www.linkedin.com/contact,0
27,10,9,0,1,0,0,3,0,0,0,0,0,0,0,0,0,0,0,0,0,0,1,0,0,0,0,22,2,1,3.85619629821938,https://square.com/products,0
27,14,5,0,2,0,0,3,0,0,0,0,0,0,0,0,0,0,0,0,0,0,1,0,1,0,0,21,3,1,3.736006946447657,https://www.paypal.com/help,0
28,14,6,0,2,0,0,3,0,0,0,0,0,0,0,0,0,0,0,0,0,0,1,0,1,0,0,22,3,1,3.815410725242699,https://www.paypal.com/about,0
50,25,0,16,1,2,0,2,1,1,0,0,0,0,0,0,0,0,0,0,0,0,1,0,0,3,0,42,2,0,4.473269689515109,https://paypal-account-verify.com?confirm=required,1
27,14,5,0,2,0,0,3,0,0,0,0,0,0,0,0,0,0,0,0,0,0,1,0,1,0,0,21,3,1,3.9302703722934544,https://www.amazon.com/blog,0
29,16,5,0,2,0,0,3,0,0,0,0,0,0,0,0,0,0,0,0,0,0,1,0,1,0,0,23,3,1,3.7714370294611266,https://www.theverge.com/news,0
50,37,6,0,2,2,0,3,0,0,1,0,0,0,0,0,0,0,0,0,0,0,0,1,1,1,0,41,3,1,4.084372820753982,http://legitimate-domain.com@fake-domain.net/login,1
23,10,5,0,1,0,0,3,0,0,0,0,0,0,0,0,0,0,0,0,0,0,1,0,0,0,0,18,2,1,3.6424896731661263,https://stripe.com/help,0
22,14,0,0,2,0,0,2,0,0,0,0,0,0,0,0,0,0,0,0,0,0,1,0,1,0,0,17,3,0,3.7887549139935026,https://www.heroku.com,0
27,14,5,0,2,0,0,3,0,0,0,0,0,0,0,0,0,0,0,0,0,0,1,0,1,0,0,21,3,1,3.782122224145306,https://www.google.com/maps,0
68,60,0,0,6,0,0,2,0,1,0,1,0,0,0,0,0,0,0,0,0,0,1,0,5,4,0,57,7,0,4.294958202839594,https://secure.verify.update.confirm.paypal.evil.com&update=security,1
36,11,6,11,3,0,0,3,1,1,0,0,0,0,0,0,0,0,0,0,0,1,0,1,2,1,8,19,4,1,4.384795487373133,http://192.168.1.1/admin?verify=true,1
32,15,9,0,2,0,0,3,0,0,0,0,0,0,0,0,0,0,0,0,0,0,1,0,1,0,0,26,3,1,4.069548827786958,https://www.netflix.com/services,0
23,10,5,0,1,0,0,3,0,0,0,0,0,0,0,0,0,0,0,0,0,0,1,0,0,0,0,18,2,1,3.9361804341297555,https://square.com/news,0
30,14,8,0,2,0,0,3,0,0,0,0,0,0,0,0,0,0,0,0,0,0,1,0,1,0,0,24,3,1,3.6477426785812734,https://www.amazon.com/contact,0
59,28,8,14,4,0,0,3,1,1,0,0,0,0,0,0,0,0,0,0,0,0,1,0,3,4,0,49,5,1,4.340376634790807,https://amazon.com.verify.secure.net/account?redirect=login,1
24,10,6,0,1,0,0,3,0,0,0,0,0,0,0,0,0,0,0,0,0,0,1,0,0,0,0,19,2,1,3.8035088547976788,https://stripe.com/about,0
34,21,5,0,2,0,0,3,0,0,0,0,0,0,0,0,0,0,0,0,0,0,1,0,1,0,0,28,3,1,4.101881223476018,https://www.stackoverflow.com/blog,0
33,16,9,0,2,0,0,3,0,0,0,0,0,0,0,0,0,0,0,0,0,0,1,0,1,0,0,27,3,1,3.922589573641669,https://outlook.live.com/services,0
42,25,0,8,1,2,0,2,1,1,0,0,0,0,0,0,0,0,0,0,0,0,1,0,0,2,5,29,2,0,4.701375755906049,https://amazon-account-verify.com?id=12345,1
31,14,9,0,2,0,0,3,0,0,0,0,0,0,0,0,0,0,0,0,0,0,1,0,1,0,0,25,3,1,3.953565664946427,https://www.vercel.com/products,0
34,26,0,0,1,0,0,2,0,1,0,1,0,0,0,0,0,0,0,0,0,0,1,0,0,1,1,27,2,0,4.172185915404347,https://amaz0n.net&update=security,1
37,20,9,0,2,0,0,3,0,0,0,0,0,0,0,0,0,0,0,0,0,0,1,0,1,0,0,31,3,1,4.147717892246673,https://www.digitalocean.com/services,0
27,10,9,0,1,0,0,3,0,0,0,0,0,0,0,0,0,0,0,0,0,0,1,0,0,0,0,22,2,1,3.6339740759971577,https://stripe.com/services,0
26,13,5,0,2,0,0,3,0,0,0,0,0,0,0,0,0,0,0,0,0,0,1,0,1,0,0,20,3,1,3.8441065448145375,https://www.apple.com/blog,0
43,27,0,8,1,2,0,2,1,1,0,0,0,0,0,0,0,0,0,0,0,0,0,1,0,1,5,30,2,0,4.656045790079684,http://banking-portal-security.net?id=12345,1
22,10,5,0,3,0,0,3,0,0,0,0,0,0,0,0,0,0,0,0,0,1,0,1,2,1,7,8,4,1,3.720128777433187,http://172.16.0.1/bank,1
30,10,0,11,1,0,0,2,1,1,0,0,0,0,0,0,0,0,0,0,0,0,1,0,0,1,1,23,2,0,4.231401845392171,https://goog1e.com?verify=true,1
28,15,5,0,2,0,0,3,0,0,0,0,0,0,0,0,0,0,0,0,0,0,1,0,1,0,0,22,3,1,3.6959472263874704,https://docs.google.com/blog,0
28,15,5,0,2,0,0,3,0,0,0,0,0,0,0,0,0,0,0,0,0,0,1,0,1,0,0,22,3,1,3.9677201004745,https://mail.google.com/news,0
24,16,0,0,2,0,0,2,0,0,0,0,0,0,0,0,0,0,0,0,0,0,1,0,1,0,0,19,3,0,3.7720552088742005,https://www.coursera.org,0
57,49,0,0,1,2,0,2,0,1,0,1,0,0,0,0,0,0,0,0,0,0,1,0,0,3,0,49,2,0,4.313079654812272,https://account-confirmation-required.org&update=security,1
33,20,5,0,2,0,0,3,0,0,0,0,0,1,0,0,0,0,0,0,0,0,1,0,1,0,0,26,3,1,4.150158513166729,https://www.khan academy.org/news,0
28,15,5,0,2,0,0,3,0,0,0,0,0,0,0,0,0,0,0,0,0,0,1,0,1,0,0,22,3,1,3.8248629576173556,https://docs.python.org/blog,0
21,13,0,0,2,0,0,2,0,0,0,0,0,0,0,0,0,0,0,0,0,0,1,0,1,0,0,16,3,0,3.689703732199547,https://www.slack.com,0
35,18,9,0,2,0,0,3,0,0,0,0,0,0,0,0,0,0,0,0,0,0,1,0,1,0,0,29,3,1,3.8681697173044625,https://www.techcrunch.com/services,0
50,42,0,0,1,2,0,2,0,1,0,1,0,0,0,0,0,0,0,0,0,0,1,0,0,4,0,42,2,0,4.508758439731455,https://facebook-login-verify.info&update=security,1
58,50,0,0,4,0,0,2,0,1,0,1,0,0,0,0,0,0,0,0,0,0,1,0,3,3,0,49,5,0,4.372826417758302,https://confirm.identity.amazon.verify.org&update=security,1
75,28,8,30,4,0,0,3,1,2,0,1,0,0,0,0,0,0,0,0,0,0,1,0,3,5,0,63,5,1,4.385076357995963,https://amazon.com.verify.secure.net/account?redirect=login&update=security,1
30,17,5,0,2,0,0,3,0,0,0,0,0,0,0,0,0,0,0,0,0,0,1,0,1,0,0,24,3,1,3.672905595320056,https://support.apple.com/help,0
34,10,5,11,3,0,0,3,1,1,0,0,0,0,0,0,0,0,0,0,0,1,0,1,2,2,7,18,4,1,4.410417252760519,http://172.16.0.1/bank?verify=true,1
32,15,9,0,2,0,0,3,0,0,0,0,0,0,0,0,0,0,0,0,0,0,1,0,1,0,0,26,3,1,3.7928377974034158,https://docs.google.com/products,0
32,15,9,0,2,0,0,3,0,0,0,0,0,0,0,0,0,0,0,0,0,0,1,0,1,0,0,26,3,1,3.8667292966721747,https://docs.google.com/services,0
35,22,6,0,1,2,0,3,0,0,0,0,0,0,0,0,0,0,0,0,0,0,0,1,0,2,0,28,2,1,4.071581588126284,http://secure-mail-google.com/login,1
31,15,8,0,2,0,0,3,0,0,0,0,0,0,0,0,0,0,0,0,0,0,1,0,1,0,0,25,3,1,3.692279682039657,https://docs.python.org/contact,0
23,15,0,0,2,0,0,2,0,0,0,0,0,0,0,0,0,0,0,0,0,0,1,0,1,0,0,18,3,0,3.4970558484728045,https://www.twitter.com,0
39,23,0,8,1,2,0,2,1,1,0,0,0,0,0,0,0,0,0,0,0,0,0,1,0,3,5,26,2,0,4.650661513678569,http://verify-bank-account.net?id=12345,1
49,29,0,11,2,2,0,2,1,1,0,0,0,0,0,0,0,0,0,0,0,0,1,0,1,2,0,40,3,0,4.4664514256154035,https://www.google-account-verify.com?verify=true,1
39,25,7,0,1,2,0,3,0,0,0,0,0,0,0,0,0,0,0,0,0,0,0,1,0,3,0,32,2,1,3.904009834735909,http://update-paypal-account.net/secure,1
33,17,8,0,2,0,0,3,0,0,0,0,0,0,0,0,0,0,0,0,0,0,1,0,1,0,0,27,3,1,3.737745165456522,https://www.microsoft.com/contact,0
68,28,8,23,4,0,0,3,2,2,0,0,0,0,0,0,0,0,0,0,0,0,1,0,3,4,5,51,5,1,4.613362385992584,https://amazon.com.verify.secure.net/account?redirect=login?id=12345,1
22,14,0,0,2,0,0,2,0,0,0,0,0,0,0,0,0,0,0,0,0,0,1,0,1,0,0,17,3,0,3.7544418457133446,https://www.reddit.com,0
51,34,0,8,4,0,0,2,1,1,0,0,0,0,0,0,0,0,0,0,0,0,1,0,3,2,5,37,5,0,4.576850773718022,https://confirm.identity.amazon.verify.org?id=12345,1
33,16,9,0,2,0,0,3,0,0,0,0,0,0,0,0,0,0,0,0,0,0,1,0,1,0,0,27,3,1,3.8391081341821707,https://www.coursera.org/products,0
32,15,9,0,2,0,0,3,0,0,0,0,0,0,0,0,0,0,0,0,0,0,1,0,1,0,0,26,3,1,3.9056390622295662,https://www.youtube.com/products,0
44,19,0,16,1,2,0,2,1,1,0,0,0,0,0,0,0,0,0,0,0,0,1,0,0,2,0,36,2,0,4.442275084497217,https://apple-id-verify.com?confirm=required,1
46,27,0,11,1,2,0,2,1,1,0,0,0,0,0,0,0,0,0,0,0,0,0,1,0,3,0,38,2,0,4.319560260725401,http://appleid-account-confirm.net?verify=true,1
46,29,0,8,1,2,0,2,1,1,0,0,0,0,0,0,0,0,0,0,0,0,1,0,0,0,5,33,2,0,4.402174805503232,https://immediate-action-required.net?id=12345,1
38,10,21,0,3,0,0,3,0,1,0,1,0,0,0,0,0,0,0,0,0,1,0,1,2,2,7,22,4,1,4.45148902643068,http://172.16.0.1/bank&update=security,1
28,20,0,0,2,0,0,2,0,0,0,0,0,1,0,0,0,0,0,0,0,0,1,0,1,0,0,22,3,0,4.182005814760214,https://www.khan academy.org,0
63,44,0,11,6,0,0,2,1,1,0,0,0,0,0,0,0,0,0,0,0,0,0,1,5,4,0,52,7,0,4.393968717756195,http://account.login.access.admin.bank.phishing.net?verify=true,1
33,16,9,0,2,0,0,3,0,0,0,0,0,0,0,0,0,0,0,0,0,0,1,0,1,0,0,27,3,1,4.043801694853792,https://www.facebook.com/products,0
43,17,7,11,1,1,0,3,1,1,0,0,0,0,0,0,0,0,0,0,0,0,0,1,0,3,0,35,2,1,4.2279906282990645,http://update-google.net/secure?verify=true,1
47,17,23,0,1,1,0,3,0,1,0,1,0,0,0,0,0,0,0,0,0,0,0,1,0,2,0,39,2,1,4.1360562035274855,http://update-google.net/secure&update=security,1
28,13,7,0,2,0,0,3,0,0,0,0,0,0,0,0,0,0,0,0,0,0,1,0,1,0,0,22,3,1,3.824862957617356,https://www.apple.com/iphone,0
48,24,0,16,1,2,0,2,1,1,0,0,0,0,0,0,0,0,0,0,0,0,0,1,0,3,0,40,2,0,4.230926699477595,http://update-apple-account.net?confirm=required,1
81,29,8,36,3,1,0,3,2,3,0,1,0,0,0,0,0,0,0,0,0,0,0,1,2,3,5,62,4,1,4.6238802080634205,http://paypal.com.security-check.org/account?verify=true&redirect=update?id=12345,1
32,18,6,0,2,0,0,3,0,0,0,0,0,0,0,0,0,0,0,0,0,0,1,0,1,0,0,26,3,1,4.093139062229566,https://www.cloudflare.com/about,0
29,13,8,0,2,0,0,3,0,0,0,0,0,0,0,0,0,0,0,0,0,0,1,0,1,0,0,23,3,1,3.702471512219747,https://www.slack.com/contact,0
46,17,22,0,1,1,0,3,0,1,0,1,0,0,0,0,0,0,0,0,0,0,0,1,0,3,0,38,2,1,4.221946673862943,http://paypal-signin.net/login&update=security,1
31,14,9,0,2,0,0,3,0,0,0,0,0,0,0,0,0,0,0,0,0,0,1,0,1,0,0,25,3,1,3.9292144551992183,https://www.google.com/services,0
29,15,6,0,2,0,0,3,0,0,0,0,0,0,0,0,0,0,0,0,0,0,1,0,1,0,0,23,3,1,3.9783335811852645,https://www.nytimes.com/about,0
34,21,5,0,2,0,0,3,0,0,0,0,0,0,0,0,0,0,0,0,0,0,1,0,1,0,0,28,3,1,4.010133709394731,https://www.stackoverflow.com/news,0
31,15,8,0,2,0,0,3,0,0,0,0,0,0,0,0,0,0,0,0,0,0,1,0,1,0,0,25,3,1,3.80871969734407,https://mail.google.com/contact,0
26,18,0,0,2,0,0,2,0,0,0,0,0,0,0,0,0,0,0,0,0,0,1,0,1,0,0,21,3,0,3.6902603909683838,https://www.techcrunch.com,0
45,25,0,11,1,2,0,2,1,1,0,0,0,0,0,0,0,0,0,0,0,0,1,0,0,2,0,37,2,0,4.385754484978177,https://amazon-account-verify.com?verify=true,1
30,16,6,0,2,0,0,3,0,0,0,0,0,0,0,0,0,0,0,0,0,0,1,0,1,0,0,24,3,1,3.964735178725505,https://www.theverge.com/about,0
28,15,5,0,2,0,0,3,0,0,0,0,0,0,0,0,0,0,0,0,0,0,1,0,1,0,0,22,3,1,3.9137995646056796,https://www.spotify.com/blog,0
54,29,0,16,1,2,0,2,1,1,0,0,0,0,0,0,0,0,0,0,0,0,1,0,0,1,0,46,2,0,4.150346707458022,https://immediate-action-required.net?confirm=required,1
32,15,9,0,2,0,0,3,0,0,0,0,0,0,0,0,0,0,0,0,0,0,1,0,1,0,0,26,3,1,3.9292292966721747,https://www.spotify.com/services,0
50,25,0,16,1,2,0,2,1,1,0,0,0,0,0,0,0,0,0,0,0,0,1,0,0,4,0,42,2,0,4.439079570624174,https://secure-update-banking.org?confirm=required,1
29,15,6,0,2,0,0,3,0,0,0,0,0,0,0,0,0,0,0,0,0,0,1,0,1,0,0,23,3,1,3.7454064259382482,https://www.twitter.com/about,0
29,16,5,0,2,0,0,3,0,0,0,0,0,0,0,0,0,0,0,0,0,0,1,0,1,0,0,23,3,1,3.8833374604210067,https://www.coursera.org/help,0
39,21,10,0,2,0,0,3,0,0,0,0,0,0,0,0,0,0,0,0,0,0,1,0,1,0,0,33,3,1,4.189123052140108,https://www.stackoverflow.com/questions,0
33,16,9,0,2,0,0,3,0,0,0,0,0,0,0,0,0,0,0,0,0,0,1,0,1,0,0,27,3,1,3.813206528961766,https://www.theverge.com/services,0
49,29,0,11,2,2,0,2,1,1,0,0,0,0,0,0,0,0,0,0,0,0,1,0,1,3,0,40,3,0,4.540644732215398,https://www.facebook-secure-login.com?verify=true,1
27,13,6,0,2,0,0,3,0,0,0,0,0,0,0,0,0,0,0,0,0,0,1,0,1,0,0,21,3,1,3.85619629821938,https://www.slack.com/about,0
35,10,6,11,1,0,0,3,1,1,0,0,0,0,0,0,0,0,0,0,0,0,0,1,0,2,1,27,2,1,4.4575751596784805,http://amaz0n.com/login?verify=true,1
30,17,5,0,2,0,0,3,0,0,0,0,0,0,0,0,0,0,0,0,0,0,1,0,1,0,0,24,3,1,3.8062389286533893,https://www.microsoft.com/news,0
27,13,6,0,2,0,0,3,0,0,0,0,0,0,0,0,0,0,0,0,0,0,1,0,1,0,0,21,3,1,3.9302703722934544,https://www.udemy.com/about,0
34,12,6,8,1,0,0,3,1,1,0,0,0,0,0,0,0,0,0,0,0,0,0,1,0,1,6,21,2,1,4.477024973539649,http://fac3book.com/login?id=12345,1
30,17,5,0,2,0,0,3,0,0,0,0,0,0,0,0,0,0,0,0,0,0,1,0,1,0,0,24,3,1,3.8444138295776114,https://support.apple.com/news,0
32,15,9,0,2,0,0,3,0,0,0,0,0,0,0,0,0,0,0,0,0,0,1,0,1,0,0,26,3,1,4.030639062229566,https://www.dropbox.com/services,0
30,8,6,8,3,0,0,3,1,1,0,0,0,0,0,0,0,0,0,0,0,1,0,1,2,1,10,11,4,1,4.139572261986723,http://10.0.0.1/login?id=12345,1
28,15,5,0,2,0,0,3,0,0,0,0,0,0,0,0,0,0,0,0,0,0,1,0,1,0,0,22,3,1,3.7979026896829473,https://mail.google.com/help,0
29,16,5,0,2,0,0,3,0,0,0,0,0,0,0,0,0,0,0,0,0,0,1,0,1,0,0,23,3,1,3.978333581185264,https://www.linkedin.com/help,0
88,29,8,43,3,1,0,3,1,3,0,2,0,0,0,0,0,0,0,0,0,0,0,1,2,3,0,74,4,1,4.354731301087494,http://paypal.com.security-check.org/account?verify=true&redirect=update&update=security,1
42,23,0,11,1,2,0,2,1,1,0,0,0,0,0,0,0,0,0,0,0,0,0,1,0,3,0,34,2,0,4.27042657804629,http://verify-bank-account.net?verify=true,1
26,13,5,0,2,0,0,3,0,0,0,0,0,0,0,0,0,0,0,0,0,0,1,0,1,0,0,20,3,1,3.8731406795131327,https://www.slack.com/blog,0
19,11,0,0,2,0,0,2,0,0,0,0,0,0,0,0,0,0,0,0,0,0,1,0,1,0,0,14,3,0,3.471354487013929,https://www.bbc.com,0
25,11,6,0,2,0,0,3,0,0,0,0,0,0,0,0,0,0,0,0,0,0,1,0,1,0,0,19,3,1,3.643074189428569,https://www.bbc.com/about,0
27,14,5,0,2,0,0,3,0,0,0,0,0,0,0,0,0,0,0,0,0,0,1,0,1,0,0,21,3,1,3.736006946447657,https://www.google.com/news,0
56,32,0,16,3,0,0,2,1,1,0,0,0,0,0,0,0,0,0,0,0,0,0,1,2,2,0,48,4,0,4.286043325630628,http://accounts.google.verification.net?confirm=required,1
31,18,5,0,2,0,0,3,0,0,0,0,0,0,0,0,0,0,0,0,0,0,1,0,1,0,0,25,3,1,3.7198523585646037,https://www.techcrunch.com/news,0
24,11,5,0,2,0,0,3,0,0,0,0,0,0,0,0,0,0,0,0,0,0,1,0,1,0,0,18,3,1,3.6887218755408675,https://www.cnn.com/help,0
61,32,22,0,1,3,0,3,0,1,0,1,0,0,0,0,0,0,0,0,0,0,0,1,0,5,0,51,2,1,4.288166486769646,http://secure-account-verify-update.net/login&update=security,1
27,14,5,0,2,0,0,3,0,0,0,0,0,0,0,0,0,0,0,0,0,0,1,0,1,0,0,21,3,1,3.8100810205217313,https://www.reddit.com/news,0
33,20,5,0,2,0,0,3,0,0,0,0,0,0,0,0,0,0,0,0,0,0,1,0,1,0,0,27,3,1,4.028946391954608,https://www.digitalocean.com/news,0
31,14,9,0,2,0,0,3,0,0,0,0,0,0,0,0,0,0,0,0,0,0,1,0,1,0,0,25,3,1,4.018081793978685,https://www.paypal.com/services,0
27,11,8,0,2,0,0,3,0,0,0,0,0,0,0,0,0,0,0,0,0,0,1,0,1,0,0,21,3,1,3.485825927849009,https://www.cnn.com/contact,0
28,15,5,0,2,0,0,3,0,0,0,0,0,0,0,0,0,0,0,0,0,0,1,0,1,0,0,22,3,1,3.8154107252426988,https://docs.python.org/help,0
28,15,5,0,2,0,0,3,0,0,0,0,0,0,0,0,0,0,0,0,0,0,1,0,1,0,0,22,3,1,3.8962915290459277,https://www.dropbox.com/news,0
72,29,8,27,3,1,0,3,1,2,0,1,0,0,0,0,0,0,0,0,0,0,0,1,2,3,0,60,4,1,4.388832419798507,http://paypal.com.security-check.org/account?verify=true&redirect=update,1
29,15,6,0,2,0,0,3,0,0,0,0,0,0,0,0,0,0,0,0,0,0,1,0,1,0,0,23,3,1,4.116264615668023,https://www.netflix.com/about,0
34,18,8,0,2,0,0,3,0,0,0,0,0,0,0,0,0,0,0,0,0,0,1,0,1,0,0,28,3,1,3.693813488742864,https://www.techcrunch.com/contact,0
24,16,0,0,2,0,0,2,0,0,0,0,0,0,0,0,0,0,0,0,0,0,1,0,1,0,0,19,3,0,3.855388542207534,https://www.facebook.com,0
32,15,9,0,2,0,0,3,0,0,0,0,0,0,0,0,0,0,0,0,0,0,1,0,1,0,0,26,3,1,3.7417292966721747,https://www.twitter.com/products,0
29,16,5,0,2,0,0,3,0,0,0,0,0,0,0,0,0,0,0,0,0,0,1,0,1,0,0,23,3,1,3.909368063943885,https://www.linkedin.com/news,0
28,15,5,0,2,0,0,3,0,0,0,0,0,0,0,0,0,0,0,0,0,0,1,0,1,0,0,22,3,1,3.8693312611115185,https://www.nytimes.com/help,0
34,17,9,0,2,0,0,3,0,0,0,0,0,0,0,0,0,0,0,0,0,0,1,0,1,0,0,28,3,1,3.8221819586428727,https://www.microsoft.com/products,0
32,15,9,0,2,0,0,3,0,0,0,0,0,0,0,0,0,0,0,0,0,0,1,0,1,0,0,26,3,1,3.8431390622295662,https://www.dropbox.com/products,0
33,20,5,0,2,0,0,3,0,0,0,0,0,0,0,0,0,0,0,0,0,0,1,0,1,0,0,27,3,1,4.12728313431329,https://news.ycombinator.com/help,0
41,25,0,8,1,2,0,2,1,1,0,0,0,0,0,0,0,0,0,0,0,0,0,1,0,2,5,28,2,0,4.716950480069536,http://account-amazon-verify.org?id=12345,1
48,41,0,0,1,2,0,2,0,1,0,1,0,0,0,0,0,0,0,0,0,0,0,1,0,3,0,40,2,0,4.431127542695029,http://account-amazon-verify.org&update=security,1
27,19,0,0,1,2,0,2,0,0,0,0,0,0,0,0,0,0,0,0,0,0,1,0,0,1,0,21,2,0,4.208410187268527,https://apple-id-verify.com,1
57,37,0,11,2,2,0,2,1,1,0,0,0,0,0,0,0,0,0,0,0,0,1,0,1,3,0,48,3,0,4.376859865749109,https://gmail-verify.account-confirmation.com?verify=true,1
33,16,9,0,2,0,0,3,0,0,0,0,0,0,0,0,0,0,0,0,0,0,1,0,1,0,0,27,3,1,3.8848588918890474,https://www.coursera.org/services,0
38,25,6,0,1,2,0,3,0,0,0,0,0,0,0,0,0,0,0,0,0,0,0,1,0,2,0,31,2,1,4.145972171840238,http://urgent-security-alert.com/click,1
46,29,0,8,2,2,0,2,1,1,0,0,0,0,0,0,0,0,0,0,0,0,1,0,1,2,5,32,3,0,4.778677988524612,https://www.google-account-verify.com?id=12345,1
34,17,9,0,2,0,0,3,0,0,0,0,0,0,0,0,0,0,0,0,0,0,1,0,1,0,1,27,3,1,3.85586569475248,https://www.w3schools.com/services,0
36,20,8,0,2,0,0,3,0,0,0,0,0,0,0,0,0,0,0,0,0,0,1,0,1,0,0,30,3,1,3.9302252658009036,https://www.digitalocean.com/contact,0
27,14,5,0,2,0,0,3,0,0,0,0,0,0,0,0,0,0,0,0,0,0,1,0,1,0,0,21,3,1,3.958229168669879,https://www.vercel.com/blog,0
47,17,6,16,1,1,0,3,1,1,0,0,0,0,0,0,0,0,0,0,0,0,0,1,0,3,0,39,2,1,4.384509735514,http://paypal-signin.net/login?confirm=required,1
26,11,7,0,2,0,0,3,0,0,0,0,0,0,0,0,0,0,0,0,0,0,1,0,1,1,0,20,3,1,3.767183467891461,https://www.zoom.us/signin,0
29,15,6,0,2,0,0,3,0,0,0,0,0,0,0,0,0,0,0,0,0,0,1,0,1,0,0,23,3,1,3.853863219997788,https://docs.google.com/about,0
33,8,6,11,3,0,0,3,1,1,0,0,0,0,0,0,0,0,0,0,0,1,0,1,2,2,5,19,4,1,4.225619876671973,http://10.0.0.1/login?verify=true,1
28,14,6,0,2,0,0,3,0,0,0,0,0,0,0,0,0,0,0,0,0,0,1,0,1,0,0,22,3,1,3.8693312611115185,https://www.google.com/about,0
29,15,6,0,2,0,0,3,0,0,0,0,0,0,0,0,0,0,0,0,0,0,1,0,1,1,0,23,3,1,3.810928306279287,https://www.twitter.com/login,0
46,29,0,8,2,2,0,2,1,1,0,0,0,0,0,0,0,0,0,0,0,0,1,0,1,2,5,32,3,0,4.778677988524612,https://www.facebook-secure-login.com?id=12345,1
30,17,5,0,2,0,0,3,0,0,0,0,0,0,0,0,0,0,0,0,0,0,1,0,1,0,0,24,3,1,3.8980685120588383,https://www.wikipedia.org/help,0
28,15,5,0,2,0,0,3,0,0,0,0,0,0,0,0,0,0,0,0,0,0,1,0,1,0,0,22,3,1,3.896291529045928,https://www.dropbox.com/blog,0
36,19,9,0,2,0,0,3,0,0,0,0,0,0,0,0,0,0,0,0,0,0,1,0,1,0,0,30,3,1,4.030493056757482,https://www.producthunt.com/services,0
32,15,9,0,2,0,0,3,0,0,0,0,0,0,0,0,0,0,0,0,0,0,1,0,1,0,0,26,3,1,4.015319531114783,https://mail.google.com/products,0
30,17,5,0,2,0,0,3,0,0,0,0,0,0,0,0,0,0,0,0,0,0,1,0,1,0,1,23,3,1,3.6695767463163937,https://www.w3schools.com/news,0
33,25,0,0,1,2,0,2,0,0,0,0,0,0,0,0,0,0,0,0,0,0,1,0,0,3,0,27,2,0,4.2107645737727895,https://secure-update-banking.org,1
28,15,5,0,2,0,0,3,0,0,0,0,0,0,0,0,0,0,0,0,0,0,1,0,1,0,0,22,3,1,3.824862957617356,https://docs.google.com/news,0
21,13,0,0,2,0,0,2,0,0,0,0,0,0,0,0,0,0,0,0,0,0,1,0,1,0,0,16,3,0,3.6537567082870006,https://www.apple.com,0
31,14,9,0,2,0,0,3,0,0,0,0,0,0,0,0,0,0,0,0,0,0,1,0,1,0,0,25,3,1,3.8488846166291193,https://www.reddit.com/products,0
29,16,5,0,2,0,0,3,0,0,0,0,0,0,0,0,0,0,0,0,0,0,1,0,1,0,0,23,3,1,3.9262723741395074,https://www.coursera.org/blog,0
27,10,0,8,1,0,0,2,1,1,0,0,0,0,0,0,0,0,0,0,0,0,1,0,0,0,6,15,2,0,4.282484261342601,https://goog1e.com?id=12345,1
32,15,9,0,2,0,0,3,0,0,0,0,0,0,0,0,0,0,0,0,0,0,1,0,1,0,0,26,3,1,3.8042292966721747,https://www.weather.com/services,0
31,14,9,0,2,0,0,3,0,0,0,0,0,0,0,0,0,0,0,0,0,0,1,0,1,0,0,25,3,1,3.889049535914169,https://www.medium.com/products,0
31,15,8,0,2,0,0,3,0,0,0,0,0,0,0,0,0,0,0,0,0,0,1,0,1,0,0,25,3,1,3.8488846166291193,https://www.dropbox.com/contact,0
29,16,5,0,2,0,0,3,0,0,0,0,0,0,0,0,0,0,0,0,0,0,1,0,1,0,0,23,3,1,3.8143719431796272,https://outlook.live.com/help,0
27,14,5,0,2,0,0,3,0,0,0,0,0,0,0,0,0,0,0,0,0,0,1,0,1,0,0,21,3,1,3.838039816898156,https://www.heroku.com/news,0
54,32,6,8,1,3,0,3,1,1,0,0,0,0,0,0,0,0,0,0,0,0,0,1,0,5,5,39,2,1,4.611394799166165,http://secure-account-verify-update.net/login?id=12345,1
33,20,5,0,2,0,0,3,0,0,0,0,0,0,0,0,0,0,0,0,0,0,1,0,1,0,0,27,3,1,4.104407755459851,https://www.digitalocean.com/blog,0
31,17,6,0,2,0,0,3,0,0,0,0,0,0,0,0,0,0,0,0,0,0,1,0,1,1,0,25,3,1,3.9779168746936358,https://www.instagram.com/login,0
51,27,0,16,1,2,0,2,1,1,0,0,0,0,0,0,0,0,0,0,0,0,0,1,0,2,0,43,2,0,4.270272890906262,http://appleid-account-confirm.net?confirm=required,1
26,13,5,0,2,0,0,3,0,0,0,0,0,0,0,0,0,0,0,0,0,0,1,0,1,0,0,20,3,1,3.8731406795131322,https://www.udemy.com/help,0
35,19,8,0,2,0,0,3,0,0,0,0,0,0,0,0,0,0,0,0,0,0,1,0,1,0,0,29,3,1,3.7642990880644707,https://www.producthunt.com/contact,0
76,28,8,31,4,0,0,3,2,2,0,0,0,0,0,0,0,0,0,0,0,0,1,0,3,5,0,64,5,1,4.371356837586596,https://amazon.com.verify.secure.net/account?redirect=login?confirm=required,1
37,29,0,0,2,2,0,2,0,0,0,0,0,0,0,0,0,0,0,0,0,0,1,0,1,2,0,30,3,0,4.3374354600481295,https://www.google-account-verify.com,1
32,15,9,0,2,0,0,3,0,0,0,0,0,0,0,0,0,0,0,0,0,0,1,0,1,0,0,26,3,1,3.9681390622295662,https://mail.google.com/services,0
53,45,0,0,2,2,0,2,0,1,0,1,0,0,0,0,0,0,0,0,0,0,1,0,1,3,0,44,3,0,4.49925223798275,https://www.google-account-verify.com&update=security,1
25,11,6,0,2,0,0,3,0,0,0,0,0,0,0,0,0,0,0,0,0,0,1,0,1,0,0,19,3,1,3.643074189428569,https://www.zoom.us/about,0
26,13,5,0,2,0,0,3,0,0,0,0,0,0,0,0,0,0,0,0,0,0,1,0,1,0,0,20,3,1,3.8252517372886503,https://www.udemy.com/news,0
56,25,23,0,1,2,0,3,0,1,0,1,0,0,0,0,0,0,0,0,0,0,1,0,0,3,0,47,2,1,4.3030900835303285,https://account-paypal-verify.com/update&update=security,1
55,25,23,0,1,2,0,3,0,1,0,1,0,0,0,0,0,0,0,0,0,0,0,1,0,3,0,46,2,1,4.05872210653913,http://update-paypal-account.net/secure&update=security,1
42,25,0,8,1,2,0,2,1,1,0,0,0,0,0,0,0,0,0,0,0,0,1,0,0,0,5,29,2,0,4.6420846845805,https://amazon-security-check.net?id=12345,1
34,20,6,0,2,0,0,3,0,0,0,0,0,0,0,0,0,0,0,0,0,0,1,0,1,0,0,28,3,1,4.065260267657297,https://news.ycombinator.com/about,0
30,13,9,0,2,0,0,3,0,0,0,0,0,0,0,0,0,0,0,0,0,0,1,0,1,0,0,24,3,1,3.8980685120588388,https://www.apple.com/products,0
31,15,8,0,2,0,0,3,0,0,0,0,0,0,0,0,0,0,0,0,0,0,1,0,1,0,0,25,3,1,3.7166308917868656,https://docs.google.com/contact,0
29,16,5,0,2,0,0,3,0,0,0,0,0,0,0,0,0,0,0,0,0,0,1,0,1,0,0,23,3,1,3.9783335811852645,https://www.facebook.com/blog,0
33,19,6,0,2,0,0,3,0,0,0,0,0,0,0,0,0,0,0,0,0,0,1,0,1,0,0,27,3,1,3.873812589567827,https://www.producthunt.com/about,0
30,14,8,0,2,0,0,3,0,0,0,0,0,0,0,0,0,0,0,0,0,0,1,0,1,0,0,24,3,1,3.7647351787255054,https://www.google.com/contact,0
36,15,6,6,2,0,0,3,1,1,0,0,0,0,0,0,0,0,0,0,0,0,1,0,1,0,0,28,3,1,3.9959065984842446,https://www.youtube.com/watch?v=test,0
29,16,5,0,2,0,0,3,0,0,0,0,0,0,0,0,0,0,0,0,0,0,1,0,1,0,0,23,3,1,3.78834133965675,https://www.theverge.com/help,0
29,15,6,0,2,0,0,3,0,0,0,0,0,0,0,0,0,0,0,0,0,0,1,0,1,0,0,23,3,1,3.8833374604210067,https://www.spotify.com/about,0
29,16,5,0,2,0,0,3,0,0,0,0,0,0,0,0,0,0,0,0,0,0,1,0,1,0,0,23,3,1,3.9523029776623857,https://www.facebook.com/help,0
47,22,0,16,1,2,0,2,1,1,0,0,0,0,0,0,0,0,0,0,0,0,1,0,0,4,0,39,2,0,4.475247235652095,https://bank-secure-verify.com?confirm=required,1
31,15,8,0,2,0,0,3,0,0,0,0,0,0,0,0,0,0,0,0,0,0,1,0,1,0,0,25,3,1,3.8371256496420134,https://www.youtube.com/contact,0
57,33,0,16,1,2,0,2,1,1,0,0,0,0,0,0,0,0,0,0,0,0,0,1,0,2,0,49,2,0,4.261697428611916,http://facebook-account-verification.net?confirm=required,1
60,44,0,8,6,0,0,2,1,1,0,0,0,0,0,0,0,0,0,0,0,0,0,1,5,3,5,44,7,0,4.437907837484891,http://account.login.access.admin.bank.phishing.net?id=12345,1
23,15,0,0,2,0,0,2,0,0,0,0,0,0,0,0,0,0,0,0,0,0,1,0,1,0,0,18,3,0,3.9361804341297555,https://www.netflix.com,0
22,14,0,0,2,0,0,2,0,0,0,0,0,0,0,0,0,0,0,0,0,0,1,0,1,0,0,17,3,0,3.663532754804254,https://www.google.com,0
69,44,0,16,6,0,0,2,1,1,0,0,0,0,0,0,0,0,0,0,0,0,1,0,5,4,0,58,7,0,4.357654892278536,https://secure.verify.update.confirm.paypal.evil.com?confirm=required,1
34,26,0,0,1,0,0,2,0,1,0,1,0,0,0,0,0,0,0,0,0,0,1,0,0,1,1,27,2,0,4.219528282299547,https://goog1e.com&update=security,1
39,32,0,0,3,0,0,2,0,0,0,0,0,0,0,0,0,0,0,0,0,0,0,1,2,1,0,33,4,0,4.019143808983936,http://accounts.google.verification.net,1
32,15,9,0,2,0,0,3,0,0,0,0,0,0,0,0,0,0,0,0,0,0,1,0,1,0,0,26,3,1,3.9917292966721747,https://www.nytimes.com/products,0
52,33,0,11,1,2,0,2,1,1,0,0,0,0,0,0,0,0,0,0,0,0,0,1,0,2,0,44,2,0,4.1977673049215225,http://facebook-account-verification.net?verify=true,1
30,14,8,0,2,0,0,3,0,0,0,0,0,0,0,0,0,0,0,0,0,0,1,0,1,0,0,24,3,1,3.8565647621309544,https://www.vercel.com/contact,0
31,14,2,6,2,0,0,3,1,1,0,0,0,0,0,0,0,0,0,0,0,0,1,0,1,0,0,23,3,1,3.9779168746936353,https://www.amazon.com/s?k=test,0
44,14,22,0,2,0,0,3,0,1,0,1,0,0,0,0,0,0,0,0,0,0,1,0,1,2,1,35,3,1,4.40796201621706,https://www.paypa1.com/login&update=security,1
28,15,5,0,2,0,0,3,0,0,0,0,0,0,0,0,0,0,0,0,0,0,1,0,1,0,0,22,3,1,3.8693312611115176,https://www.youtube.com/help,0
32,16,8,0,2,0,0,3,0,0,0,0,0,0,0,0,0,0,0,0,0,0,1,0,1,0,0,26,3,1,3.827819531114783,https://www.facebook.com/contact,0
31,14,9,0,2,0,0,3,0,0,0,0,0,0,0,0,0,0,0,0,0,0,1,0,1,0,0,25,3,1,3.8646983261669603,https://www.reddit.com/services,0
59,34,0,16,4,0,0,2,1,1,0,0,0,0,0,0,0,0,0,0,0,0,1,0,3,2,0,50,5,0,4.348247710158775,https://confirm.identity.amazon.verify.org?confirm=required,1
33,20,5,0,2,0,0,3,0,0,0,0,0,0,0,0,0,0,0,0,0,0,1,0,1,0,0,27,3,1,4.06667707370723,https://www.digitalocean.com/help,0
25,17,0,0,2,0,0,2,0,0,0,0,0,0,0,0,0,0,0,0,0,0,1,0,1,0,0,20,3,0,3.673269689515108,https://www.microsoft.com,0
30,14,8,0,2,0,0,3,0,0,0,0,0,0,0,0,0,0,0,0,0,0,1,0,1,0,0,24,3,1,3.872905595320056,https://www.heroku.com/contact,0
24,11,5,0,2,0,0,3,0,0,0,0,0,0,0,0,0,0,0,0,0,0,1,0,1,0,0,18,3,1,3.7720552088742005,https://www.cnn.com/blog,0
27,14,5,0,2,0,0,3,0,0,0,0,0,0,0,0,0,0,0,0,0,0,1,0,1,0,0,21,3,1,3.8841550945958048,https://www.amazon.com/help,0
34,20,6,0,2,0,0,3,0,0,0,0,0,1,0,0,0,0,0,0,0,0,1,0,1,0,0,27,3,1,4.256149238118268,https://www.khan academy.org/about,0
87,44,6,28,4,2,0,3,2,3,0,1,0,0,0,0,0,0,0,0,0,0,1,0,3,5,8,63,5,1,4.7559531973371385,https://google.com.verify.secure-account-update.info/login?user=admin&pass=123?id=12345,1
38,13,0,16,1,0,0,2,1,1,0,0,0,0,0,0,0,0,0,0,0,0,1,0,0,1,0,32,2,0,4.346225868535944,https://facebookk.com?confirm=required,1
39,10,22,0,1,0,0,3,0,1,0,1,0,0,0,0,0,0,0,0,0,0,0,1,0,2,1,31,2,1,4.4261772187513015,http://amaz0n.com/login&update=security,1
62,32,6,16,1,3,0,3,1,1,0,0,0,0,0,0,0,0,0,0,0,0,0,1,0,6,0,52,2,1,4.387495860229338,http://secure-account-verify-update.net/login?confirm=required,1
28,15,5,0,2,0,0,3,0,0,0,0,0,0,0,0,0,0,0,0,0,0,1,0,1,0,0,22,3,1,3.8962915290459277,https://www.weather.com/blog,0
32,15,9,0,2,0,0,3,0,0,0,0,0,0,0,0,0,0,0,0,0,0,1,0,1,0,0,26,3,1,3.8514097655573916,https://www.weather.com/products,0
51,32,0,11,3,0,0,2,1,1,0,0,0,0,0,0,0,0,0,0,0,0,0,1,2,2,0,43,4,0,4.218720136335857,http://accounts.google.verification.net?verify=true,1
34,17,9,0,2,0,0,3,0,0,0,0,0,0,0,0,0,0,0,0,0,0,1,0,1,0,0,28,3,1,3.9986525468781666,https://www.wikipedia.org/products,0
21,13,0,0,2,0,0,2,0,0,0,0,0,0,0,0,0,0,0,0,0,0,1,0,1,0,0,16,3,0,3.7849418274376423,https://www.udemy.com,0
34,17,9,0,2,0,0,3,0,0,0,0,0,0,0,0,0,0,0,0,0,0,1,0,1,0,1,27,3,1,3.785561002824151,https://www.w3schools.com/products,0
18,10,0,0,1,0,0,2,0,0,0,0,0,0,0,0,0,0,0,0,0,0,1,0,0,0,0,14,2,0,3.8365916681089787,https://square.com,0
29,16,5,0,2,0,0,3,0,0,0,0,0,0,0,0,0,0,0,0,0,0,1,0,1,0,0,23,3,1,3.909368063943885,https://www.facebook.com/news,0
30,17,5,0,2,0,0,3,0,0,0,0,0,0,0,0,0,0,0,0,0,0,1,0,1,0,1,23,3,1,3.672905595320056,https://www.w3schools.com/help,0
30,16,6,0,2,0,0,3,0,0,0,0,0,0,0,0,0,0,0,0,0,0,1,0,1,0,0,24,3,1,4.164735178725505,https://www.linkedin.com/about,0
49,29,0,11,1,2,0,2,1,1,0,0,0,0,0,0,0,0,0,0,0,0,1,0,0,1,0,41,2,0,4.211222090377107,https://immediate-action-required.net?verify=true,1
32,15,9,0,2,0,0,3,0,0,0,0,0,0,0,0,0,0,0,0,0,0,1,0,1,0,0,26,3,1,4.140319531114783,https://www.netflix.com/products,0
67,60,0,0,6,0,0,2,0,1,0,1,0,0,0,0,0,0,0,0,0,0,0,1,5,4,0,56,7,0,4.280672639072971,http://account.login.access.admin.bank.phishing.net&update=security,1
43,24,0,11,1,2,0,2,1,1,0,0,0,0,0,0,0,0,0,0,0,0,0,1,0,3,0,35,2,0,4.1558184643976634,http://update-apple-account.net?verify=true,1
39,17,6,8,1,1,0,3,1,1,0,0,0,0,0,0,0,0,0,0,0,0,0,1,0,2,5,26,2,1,4.355539077670186,http://paypal-signin.net/login?id=12345,1
29,15,6,0,2,0,0,3,0,0,0,0,0,0,0,0,0,0,0,0,0,0,1,0,1,0,0,23,3,1,3.7974676329840045,https://www.weather.com/about,0
41,33,0,0,1,2,0,2,0,0,0,0,0,0,0,0,0,0,0,0,0,0,1,0,0,2,0,35,2,0,4.180365114215879,https://account-confirmation-required.org,1
30,16,6,0,2,0,0,3,0,0,0,0,0,0,0,0,0,0,0,0,0,0,1,0,1,1,0,24,3,1,4.123231428797621,https://www.facebook.com/login,0
44,25,0,11,2,0,0,2,1,1,0,0,0,0,0,0,0,0,0,0,1,0,0,1,1,1,2,34,3,0,4.3736489479369025,http://legitimate.com%40fake.net?verify=true,1
54,37,0,8,2,2,0,2,1,1,0,0,0,0,0,0,0,0,0,0,0,0,1,0,1,3,5,40,3,0,4.6461041136277785,https://gmail-verify.account-confirmation.com?id=12345,1
34,26,0,0,1,2,0,2,0,0,0,0,0,0,0,0,0,0,0,0,0,0,1,0,0,3,0,28,2,0,4.278351811711312,https://facebook-login-verify.info,1
48,41,0,0,2,0,0,2,0,1,0,1,0,0,0,0,0,0,0,0,1,0,0,1,1,1,2,38,3,0,4.404315949407468,http://legitimate.com%40fake.net&update=security,1
43,35,0,0,1,2,0,2,0,1,0,1,0,0,0,0,0,0,0,0,0,0,1,0,0,2,0,35,2,0,4.338941789535506,https://apple-id-verify.com&update=security,1
31,14,9,0,2,0,0,3,0,0,0,0,0,0,0,0,0,0,0,0,0,0,1,0,1,0,0,25,3,1,3.9134007456613777,https://www.google.com/products,0
31,14,9,0,2,0,0,3,0,0,0,0,0,0,0,0,0,0,0,0,0,0,1,0,1,0,0,25,3,1,3.889049535914169,https://www.heroku.com/products,0
55,48,0,0,3,0,0,2,0,1,0,1,0,0,0,0,0,0,0,0,0,0,0,1,2,2,0,47,4,0,4.248983805570225,http://accounts.google.verification.net&update=security,1
32,16,8,0,2,0,0,3,0,0,0,0,0,0,0,0,0,0,0,0,0,0,1,0,1,0,0,26,3,1,3.819548827786958,https://www.coursera.org/contact,0
34,18,8,0,2,0,0,3,0,0,0,0,0,0,0,0,0,0,0,0,0,0,1,0,1,0,0,28,3,1,4.02085512047121,https://www.cloudflare.com/contact,0
57,25,7,16,1,2,0,3,1,1,0,0,0,0,0,0,0,0,0,0,0,0,1,0,0,4,0,48,2,1,4.4465821192760755,https://account-paypal-verify.com/update?confirm=required,1
27,14,5,0,2,0,0,3,0,0,0,0,0,0,0,0,0,0,0,0,0,0,1,0,1,0,0,21,3,1,3.8100810205217313,https://www.vercel.com/news,0
27,14,5,0,2,0,0,3,0,0,0,0,0,0,0,0,0,0,0,0,0,0,1,0,1,0,0,21,3,1,3.7639657428240816,https://www.amazon.com/news,0
26,10,8,0,1,0,0,3,0,0,0,0,0,0,0,0,0,0,0,0,0,0,1,0,0,0,0,21,2,1,3.7343083535732546,https://github.com/contact,0
66,37,22,0,2,2,0,3,0,1,1,1,0,0,0,0,0,0,0,0,0,0,0,1,1,2,0,55,3,1,4.380902453573291,http://legitimate-domain.com@fake-domain.net/login&update=security,1
49,25,0,16,1,2,0,2,1,1,0,0,0,0,0,0,0,0,0,0,0,0,0,1,0,3,0,41,2,0,4.428200344371991,http://account-amazon-verify.org?confirm=required,1
28,14,6,0,2,0,0,3,0,0,0,0,0,0,0,0,0,0,0,0,0,0,1,0,1,0,0,22,3,1,3.9137995646056796,https://www.medium.com/about,0
32,16,8,0,2,0,0,3,0,0,0,0,0,0,0,0,0,0,0,0,0,0,1,0,1,0,0,26,3,1,3.8553377974034158,https://www.theverge.com/contact,0
59,37,6,8,2,2,0,3,1,1,1,0,0,0,0,0,0,0,0,0,0,0,0,1,1,1,5,43,3,1,4.448249990326404,http://legitimate-domain.com@fake-domain.net/login?id=12345,1
52,25,7,11,1,2,0,3,1,1,0,0,0,0,0,0,0,0,0,0,0,0,1,0,0,3,0,43,2,1,4.366130526116974,https://account-paypal-verify.com/update?verify=true,1
33,20,5,0,2,0,0,3,0,0,0,0,0,1,0,0,0,0,0,0,0,0,1,0,1,0,0,26,3,1,4.225619876671973,https://www.khan academy.org/help,0
76,24,7,37,4,1,0,3,2,2,0,0,0,0,0,0,0,0,0,0,0,0,0,1,1,2,5,58,3,1,4.670119579256285,http://gmail.security-check.com/verify?comeback=accounts.google.com?id=12345,1
31,14,9,0,2,0,0,4,0,0,0,0,0,0,0,0,0,0,0,0,0,0,1,0,1,0,0,24,3,2,3.8975870361235367,https://www.reddit.com/r/python,0
33,13,0,11,1,0,0,2,1,1,0,0,0,0,0,0,0,0,0,0,0,0,1,0,0,1,0,27,2,0,4.309101316131472,https://facebookk.com?verify=true,1
34,27,0,0,1,2,0,2,0,0,0,0,0,0,0,0,0,0,0,0,0,0,0,1,0,1,0,28,2,0,4.19438848899739,http://banking-portal-security.net,1
52,28,0,16,3,1,0,2,1,1,0,0,0,0,0,0,0,0,0,0,0,0,0,1,2,3,0,43,4,0,4.351613458767677,http://login.gmail.super-secure.net?confirm=required,1
50,25,0,16,1,2,0,2,1,1,0,0,0,0,0,0,0,0,0,0,0,0,1,0,0,3,0,42,2,0,4.433269689515108,https://amazon-account-verify.com?confirm=required,1
29,16,5,0,2,0,0,3,0,0,0,0,0,0,0,0,0,0,0,0,0,0,1,0,1,0,0,23,3,1,3.896798133716289,https://outlook.live.com/blog,0
32,17,7,0,2,1,0,4,0,0,0,0,0,0,0,0,0,0,0,0,0,0,1,0,1,0,0,24,3,1,3.9681390622295662,https://www.microsoft.com/en-us/,0
34,21,5,0,2,0,0,3,0,0,0,0,0,0,0,0,0,0,0,0,0,0,1,0,1,0,0,28,3,1,4.02085512047121,https://www.stackoverflow.com/help,0
49,25,0,16,2,0,0,2,1,1,0,0,0,0,0,0,0,0,0,0,1,0,0,1,1,1,2,39,3,0,4.418195752623562,http://legitimate.com%40fake.net?confirm=required,1
56,25,7,16,1,2,0,3,1,1,0,0,0,0,0,0,0,0,0,0,0,0,0,1,0,4,0,47,2,1,4.2961193777167,http://update-paypal-account.net/secure?confirm=required,1
25,17,0,0,2,0,0,2,0,0,0,0,0,0,0,0,0,0,0,0,0,0,1,0,1,0,0,20,3,0,3.6692750707107122,https://support.apple.com,0
18,10,0,0,1,0,0,2,0,0,0,0,0,0,0,0,0,0,0,0,0,0,1,0,0,0,1,13,2,0,3.5724312513221195,https://amaz0n.net,1
54,25,22,0,1,2,0,3,0,1,0,1,0,0,0,0,0,0,0,0,0,0,0,1,0,3,0,45,2,1,4.266358976096733,http://urgent-security-alert.com/click&update=security,1
49,41,0,0,1,2,0,2,0,1,0,1,0,0,0,0,0,0,0,0,0,0,1,0,0,1,0,41,2,0,4.183302385188318,https://google-security-alert.org&update=security,1
32,19,5,0,2,0,0,3,0,0,0,0,0,0,0,0,0,0,0,0,0,0,1,0,1,0,0,26,3,1,3.9056390622295662,https://www.producthunt.com/help,0
27,10,9,0,1,0,0,3,0,0,0,0,0,0,0,0,0,0,0,0,0,0,1,0,0,0,0,22,2,1,3.8841550945958048,https://square.com/services,0
83,24,7,44,4,1,0,3,1,2,0,1,0,0,0,0,0,0,0,0,0,0,0,1,1,3,0,70,3,1,4.475464094928274,http://gmail.security-check.com/verify?comeback=accounts.google.com&update=security,1
30,13,9,0,2,0,0,3,0,0,0,0,0,0,0,0,0,0,0,0,0,0,1,0,1,0,0,24,3,1,3.9144093452479405,https://www.apple.com/services,0
27,10,9,0,1,0,0,3,0,0,0,0,0,0,0,0,0,0,0,0,0,0,1,0,0,0,0,22,2,1,3.9302703722934544,https://github.com/services,0
45,37,0,0,2,2,0,2,0,0,0,0,0,0,0,0,0,0,0,0,0,0,1,0,1,3,0,38,3,0,4.241527262852111,https://gmail-verify.account-confirmation.com,1
29,16,5,0,2,0,0,3,0,0,0,0,0,0,0,0,0,0,0,0,0,0,1,0,1,0,0,23,3,1,4.1162646156680225,https://www.linkedin.com/blog,0
37,21,8,0,2,0,0,3,0,0,0,0,0,0,0,0,0,0,0,0,0,0,1,0,1,0,0,31,3,1,3.9563580149100233,https://www.stackoverflow.com/contact,0
45,21,16,0,2,0,0,4,0,0,0,0,0,0,0,0,0,0,0,0,0,0,1,0,1,0,0,38,3,2,4.220313519688039,https://www.stackoverflow.com/questions/about,0
31,15,8,0,2,0,0,3,0,0,0,0,0,0,0,0,0,0,0,0,0,0,1,0,1,0,0,25,3,1,3.692279682039657,https://www.weather.com/contact,0
27,11,8,0,2,0,0,3,0,0,0,0,0,0,0,0,0,0,0,0,0,0,1,0,1,0,0,21,3,1,3.7080481500712317,https://www.zoom.us/contact,0
24,10,6,0,1,0,0,3,0,0,0,0,0,0,0,0,0,0,0,0,0,0,1,0,0,1,0,19,2,1,3.8553885422075345,https://github.com/login,0
36,19,9,0,2,0,0,3,0,0,0,0,0,0,0,0,0,0,0,0,0,0,1,0,1,0,0,30,3,1,3.7771759601251556,https://www.producthunt.com/products,0
34,20,6,0,2,0,0,3,0,0,0,0,0,0,0,0,0,0,0,0,0,0,1,0,1,0,0,28,3,1,4.1162996057016965,https://www.digitalocean.com/about,0
35,18,9,0,2,0,0,3,0,0,0,0,0,0,0,0,0,0,0,0,0,0,1,0,1,0,0,29,3,1,3.818588646061331,https://www.techcrunch.com/products,0
62,37,6,11,2,2,0,3,1,1,1,0,0,0,0,0,0,0,0,0,0,0,0,1,1,2,0,51,3,1,4.385096108529709,http://legitimate-domain.com@fake-domain.net/login?verify=true,1
27,14,5,0,2,0,0,3,0,0,0,0,0,0,0,0,0,0,0,0,0,0,1,0,1,0,0,21,3,1,4.004344446367528,https://www.medium.com/blog,0
67,24,7,28,4,1,0,3,1,1,0,0,0,0,0,0,0,0,0,0,0,0,0,1,1,2,0,56,3,1,4.384472914332422,http://gmail.security-check.com/verify?comeback=accounts.google.com,1
31,10,5,8,3,0,0,3,1,1,0,0,0,0,0,0,0,0,0,0,0,1,0,1,2,1,12,10,4,1,4.260332600569877,http://172.16.0.1/bank?id=12345,1
29,13,8,0,2,0,0,3,0,0,0,0,0,0,0,0,0,0,0,0,0,0,1,0,1,0,0,23,3,1,3.8833374604210067,https://www.udemy.com/contact,0
31,17,6,0,2,0,0,3,0,0,0,0,0,0,0,0,0,0,0,0,0,0,1,0,1,0,0,25,3,1,3.9779168746936353,https://www.instagram.com/about,0
30,14,8,0,2,0,0,3,0,0,0,0,0,0,0,0,0,0,0,0,0,0,1,0,1,0,0,24,3,1,3.8444138295776114,https://www.reddit.com/contact,0
24,11,6,0,3,0,0,3,0,0,0,0,0,0,0,0,0,0,0,0,0,1,0,1,2,0,8,9,4,1,3.7720552088742005,http://192.168.1.1/admin,1
31,15,8,0,2,0,0,3,0,0,0,0,0,0,0,0,0,0,0,0,0,0,1,0,1,0,0,25,3,1,3.796960730356964,https://www.nytimes.com/contact,0
24,11,5,0,2,0,0,3,0,0,0,0,0,0,0,0,0,0,0,0,0,0,1,0,1,0,0,18,3,1,3.636842188131012,https://www.bbc.com/news,0
33,16,9,0,2,0,0,3,0,0,0,0,0,0,0,0,0,0,0,0,0,0,1,0,1,0,0,27,3,1,3.945464952495108,https://www.theverge.com/products,0
23,15,0,0,2,0,0,2,0,0,0,0,0,0,0,0,0,0,0,0,0,0,1,0,1,0,0,18,3,0,3.7950885863977324,https://mail.google.com,0
18,10,0,0,1,0,0,2,0,0,0,0,0,0,0,0,0,0,0,0,0,0,1,0,0,0,0,14,2,0,3.5724312513221195,https://stripe.com,0
33,20,5,0,2,0,0,3,0,0,0,0,0,0,0,0,0,0,0,0,0,0,1,0,1,0,0,27,3,1,4.150158513166729,https://news.ycombinator.com/blog,0
51,44,0,0,6,0,0,2,0,0,0,0,0,0,0,0,0,0,0,0,0,0,0,1,5,3,0,42,7,0,4.054203282893441,http://account.login.access.admin.bank.phishing.net,1
45,32,6,0,1,3,0,3,0,0,0,0,0,0,0,0,0,0,0,0,0,0,0,1,0,5,0,37,2,1,4.225326019447653,http://secure-account-verify-update.net/login,1
18,10,0,0,1,0,0,2,0,0,0,0,0,0,0,0,0,0,0,0,0,0,1,0,0,0,0,14,2,0,3.6835423624332306,https://github.com,0
28,20,0,0,2,0,0,2,0,0,0,0,0,0,0,0,0,0,0,0,0,0,1,0,1,0,0,23,3,0,4.039148671903071,https://www.digitalocean.com,0
41,8,0,0,2,0,0,2,1,1,1,0,0,0,0,0,0,0,1,0,0,0,1,0,0,0,5,27,2,0,4.570609016654902,https://fake.com#@legitimate.com?id=12345,1
50,25,6,11,1,2,0,3,1,1,0,0,0,0,0,0,0,0,0,0,0,0,0,1,0,3,0,41,2,1,4.303981820580905,http://urgent-security-alert.com/click?verify=true,1
28,14,6,0,2,0,0,3,0,0,0,0,0,0,0,0,0,0,0,0,0,0,1,0,1,0,0,22,3,1,4.01218840396866,https://www.google.com/drive,0
28,11,9,0,2,0,0,3,0,0,0,0,0,0,0,0,0,0,0,0,0,0,1,0,1,0,0,22,3,1,3.842370993177109,https://www.bbc.com/services,0
30,23,0,0,1,2,0,2,0,0,0,0,0,0,0,0,0,0,0,0,0,0,0,1,0,3,0,24,2,0,4.148394345536403,http://verify-bank-account.net,1
40,14,6,11,2,0,0,3,1,1,0,0,0,0,0,0,0,0,0,0,0,0,1,0,1,2,1,31,3,1,4.496439344671016,https://www.paypa1.com/login?verify=true,1
53,45,0,0,1,2,0,2,0,1,0,1,0,0,0,0,0,0,0,0,0,0,1,0,0,1,0,45,2,0,4.144294805659479,https://immediate-action-required.net&update=security,1
49,41,0,0,1,2,0,2,0,1,0,1,0,0,0,0,0,0,0,0,0,0,1,0,0,3,0,41,2,0,4.351968966953428,https://paypal-account-verify.com&update=security,1
47,30,0,8,4,0,0,2,1,1,0,0,0,0,0,0,0,0,0,0,0,0,1,0,3,2,5,33,5,0,4.623217840809184,https://verify.account.paypal.evil.com?id=12345,1
24,11,5,0,2,0,0,3,0,0,0,0,0,0,0,0,0,0,0,0,0,0,1,0,1,0,0,18,3,1,3.740601562950723,https://www.zoom.us/blog,0
25,17,0,0,2,0,0,2,0,0,0,0,0,0,0,0,0,0,0,0,0,0,1,0,1,0,0,20,3,0,3.813660689688185,https://www.wikipedia.org,0
89,29,8,44,3,1,0,3,2,3,0,1,0,0,0,0,0,0,0,0,0,0,0,1,2,4,0,75,4,1,4.434117105797232,http://paypal.com.security-check.org/account?verify=true&redirect=update?confirm=required,1
27,14,5,0,2,0,0,3,0,0,0,0,0,0,0,0,0,0,0,0,0,0,1,0,1,0,0,21,3,1,3.8561962982193805,https://www.heroku.com/help,0
22,14,0,0,2,0,0,2,0,0,0,0,0,0,0,0,0,0,0,0,0,0,1,0,1,0,0,17,3,0,3.7887549139935026,https://www.vercel.com,0
30,14,8,0,2,0,0,3,0,0,0,0,0,0,0,0,0,0,0,0,0,0,1,0,1,0,0,24,3,1,3.7144093452479403,https://www.paypal.com/contact,0
36,14,14,0,2,0,0,3,0,0,0,0,0,0,0,0,0,0,0,0,0,0,1,0,1,0,0,30,3,1,3.9511943630832222,https://www.github.com/notifications,0
31,17,6,0,2,0,0,3,0,0,0,0,0,0,0,0,0,0,0,0,0,0,1,0,1,0,0,25,3,1,3.756795811071915,https://support.apple.com/about,0
27,10,9,0,1,0,0,3,0,0,0,0,0,0,0,0,0,0,0,0,0,0,1,0,0,0,0,22,2,1,3.708048150071232,https://stripe.com/products,0
67,37,6,16,2,2,0,3,1,1,1,0,0,0,0,0,0,0,0,0,0,0,0,1,1,2,0,56,3,1,4.336768535786611,http://legitimate-domain.com@fake-domain.net/login?confirm=required,1
38,21,9,0,2,0,0,3,0,0,0,0,0,0,0,0,0,0,0,0,0,0,1,0,1,0,0,32,3,1,4.043337052632603,https://www.stackoverflow.com/services,0
40,11,22,0,3,0,0,3,0,1,0,1,0,0,0,0,0,0,0,0,0,1,0,1,2,1,8,23,4,1,4.384183719779189,http://192.168.1.1/admin&update=security,1
40,33,0,0,1,2,0,2,0,0,0,0,0,0,0,0,0,0,0,0,0,0,0,1,0,1,0,34,2,0,4.0061983328100945,http://facebook-account-verification.net,1
31,15,8,0,2,0,0,3,0,0,0,0,0,0,0,0,0,0,0,0,0,0,1,0,1,0,0,25,3,1,3.92599298842148,https://www.netflix.com/contact,0
46,27,0,11,1,2,0,2,1,1,0,0,0,0,0,0,0,0,0,0,0,0,0,1,0,2,0,38,2,0,4.370963042825407,http://banking-portal-security.net?verify=true,1
28,11,9,0,2,0,0,3,0,0,0,0,0,0,0,0,0,0,0,0,0,0,1,0,1,0,0,22,3,1,3.770942421748537,https://www.bbc.com/products,0
49,8,0,0,2,0,0,2,1,1,1,0,0,0,0,0,0,0,1,0,0,0,1,0,0,1,0,40,2,0,4.433601620014652,https://fake.com#@legitimate.com?confirm=required,1
42,25,0,8,1,2,0,2,1,1,0,0,0,0,0,0,0,0,0,0,0,0,1,0,0,3,5,29,2,0,4.6420846845805,https://secure-update-banking.org?id=12345,1
27,14,5,0,2,0,0,3,0,0,0,0,0,0,0,0,0,0,0,0,0,0,1,0,1,0,0,21,3,1,3.7080481500712312,https://www.google.com/help,0
33,11,6,8,3,0,0,3,1,1,0,0,0,0,0,0,0,0,0,0,0,1,0,1,2,0,13,11,4,1,4.161987589698946,http://192.168.1.1/admin?id=12345,1
34,17,9,0,2,0,0,3,0,0,0,0,0,0,0,0,0,0,0,0,0,0,1,0,1,0,0,28,3,1,3.962031591059445,https://www.wikipedia.org/services,0
32,8,0,0,2,0,0,2,0,0,1,0,0,0,0,0,0,0,1,0,0,0,1,0,0,0,0,25,2,0,4.077819531114783,https://fake.com#@legitimate.com,1
30,17,5,0,2,0,0,3,0,0,0,0,0,0,0,0,0,0,0,0,0,0,1,0,1,0,0,24,3,1,3.8444138295776114,https://support.apple.com/blog,0
33,20,5,0,2,0,0,3,0,0,0,0,0,1,0,0,0,0,0,0,0,0,1,0,1,0,0,26,3,1,4.309101316131472,https://www.khan academy.org/blog,0
28,15,5,0,2,0,0,3,0,0,0,0,0,0,0,0,0,0,0,0,0,0,1,0,1,0,0,22,3,1,3.9407598325400888,https://www.netflix.com/help,0
29,13,8,0,2,0,0,3,0,0,0,0,0,0,0,0,0,0,0,0,0,0,1,0,1,0,0,23,3,1,3.71937582241537,https://www.apple.com/contact,0
40,32,0,0,3,0,0,2,0,0,0,0,0,0,0,0,0,0,0,0,0,0,1,0,2,2,0,34,4,0,4.137326145256009,https://secure.facebook.confirmation.org,1
28,15,5,0,2,0,0,3,0,0,0,0,0,0,0,0,0,0,0,0,0,0,1,0,1,0,0,22,3,1,3.699513850319966,https://www.weather.com/help,0
24,11,5,0,2,0,0,3,0,0,0,0,0,0,0,0,0,0,0,0,0,0,1,0,1,0,0,18,3,1,3.605388542207534,https://www.zoom.us/news,0
32,15,9,0,2,0,0,3,0,0,0,0,0,0,0,0,0,0,0,0,0,0,1,0,1,0,0,26,3,1,3.9056390622295662,https://www.nytimes.com/services,0
31,15,8,0,2,0,0,3,0,0,0,0,0,0,0,0,0,0,0,0,0,0,1,0,1,0,0,25,3,1,3.6264137472020304,https://www.twitter.com/contact,0
44,22,6,8,1,2,0,3,1,1,0,0,0,0,0,0,0,0,0,0,0,0,0,1,0,2,5,30,2,1,4.555467129755084,http://secure-mail-google.com/login?id=12345,1
28,15,5,0,2,0,0,3,0,0,0,0,0,0,0,0,0,0,0,0,0,0,1,0,1,0,0,22,3,1,3.7089660826946242,https://docs.google.com/help,0
43,26,0,8,1,2,0,2,1,1,0,0,0,0,0,0,0,0,0,0,0,0,1,0,0,3,5,30,2,0,4.711034812791319,https://facebook-login-verify.info?id=12345,1
44,8,0,0,2,0,0,2,1,1,1,0,0,0,0,0,0,0,1,0,0,0,1,0,0,1,0,35,2,0,4.39740761970092,https://fake.com#@legitimate.com?verify=true,1
32,15,9,0,2,0,0,3,0,0,0,0,0,0,0,0,0,0,0,0,0,0,1,0,1,0,0,26,3,1,4.007048827786958,https://www.youtube.com/services,0
52,44,0,0,6,0,0,2,0,0,0,0,0,0,0,0,0,0,0,0,0,0,1,0,5,4,0,43,7,0,4.221711776033763,https://secure.verify.update.confirm.paypal.evil.com,1
48,17,7,16,1,1,0,3,1,1,0,0,0,0,0,0,0,0,0,0,0,0,0,1,0,3,0,40,2,1,4.295042772369206,http://update-google.net/secure?confirm=required,1
58,33,0,16,1,2,0,2,1,1,0,0,0,0,0,0,0,0,0,0,0,0,1,0,0,2,0,50,2,0,4.243745600206187,https://account-confirmation-required.org?confirm=required,1
28,15,5,0,2,0,0,3,0,0,0,0,0,0,0,0,0,0,0,0,0,0,1,0,1,0,0,22,3,1,3.9137995646056796,https://www.dropbox.com/help,0
56,49,0,0,1,2,0,2,0,1,0,1,0,0,0,0,0,0,0,0,0,0,0,1,0,2,0,48,2,0,4.264845271921823,http://facebook-account-verification.net&update=security,1
42,25,0,8,1,2,0,2,1,1,0,0,0,0,0,0,0,0,0,0,0,0,1,0,0,0,5,29,2,0,4.546846589342405,https://icloud-security-check.org?id=12345,1
47,28,0,11,3,1,0,2,1,1,0,0,0,0,0,0,0,0,0,0,0,0,0,1,2,3,0,38,4,0,4.325345500383651,http://login.gmail.super-secure.net?verify=true,1
45,25,0,11,1,2,0,2,1,1,0,0,0,0,0,0,0,0,0,0,0,0,1,0,0,1,0,37,2,0,4.1954376201599555,https://google-security-alert.org?verify=true,1
25,17,0,0,2,0,0,2,0,0,0,0,0,0,0,0,0,0,0,0,0,0,1,0,1,0,0,20,3,0,3.863465189601646,https://www.instagram.com,0
35,28,0,0,3,1,0,2,0,0,0,0,0,0,0,0,0,0,0,0,0,0,0,1,2,2,0,28,4,0,4.114718016821339,http://login.gmail.super-secure.net,1
29,15,6,0,2,0,0,3,0,0,0,0,0,0,0,0,0,0,0,0,0,0,1,0,1,1,0,23,3,1,3.926272374139508,https://www.spotify.com/login,0
33,16,9,0,2,0,0,3,0,0,0,0,0,0,0,0,0,0,0,0,0,0,1,0,1,0,0,27,3,1,3.9424387261281417,https://outlook.live.com/products,0
31,18,5,0,2,0,0,3,0,0,0,0,0,0,0,0,0,0,0,0,0,0,1,0,1,0,0,25,3,1,4.147114052043201,https://www.cloudflare.com/blog,0
29,16,5,0,2,0,0,3,0,0,0,0,0,0,0,0,0,0,0,0,0,0,1,0,1,0,0,23,3,1,3.8143719431796272,https://www.coursera.org/news,0
52,22,6,16,1,2,0,3,1,1,0,0,0,0,0,0,0,0,0,0,0,0,0,1,0,3,0,43,2,1,4.335175901608574,http://secure-mail-google.com/login?confirm=required,1
27,19,0,0,2,0,0,2,0,0,0,0,0,0,0,0,0,0,0,0,0,0,1,0,1,0,0,22,3,0,3.7639657428240816,https://www.producthunt.com,0
33,16,9,0,2,0,0,3,0,0,0,0,0,0,0,0,0,0,0,0,0,0,1,0,1,0,0,27,3,1,4.1272831343132905,https://www.linkedin.com/products,0
28,14,6,0,2,0,0,3,0,0,0,0,0,0,0,0,0,0,0,0,0,0,1,0,1,1,1,21,3,1,4.012188403968661,https://www.paypa1.com/login,1
33,25,0,0,1,2,0,2,0,0,0,0,0,0,0,0,0,0,0,0,0,0,1,0,0,0,0,27,2,0,4.112427831414107,https://icloud-security-check.org,1
31,24,0,0,1,2,0,2,0,0,0,0,0,0,0,0,0,0,0,0,0,0,0,1,0,2,0,25,2,0,4.17146526179041,http://paypal-secure-verify.org,1
28,14,6,0,2,0,0,3,0,0,0,0,0,0,0,0,0,0,0,0,0,0,1,0,1,0,0,22,3,1,3.9137995646056796,https://www.heroku.com/about,0
40,24,0,8,1,2,0,2,1,1,0,0,0,0,0,0,0,0,0,0,0,0,0,1,0,2,5,27,2,0,4.293942707918268,http://update-apple-account.net?id=12345,1
30,16,6,0,2,0,0,3,0,0,0,0,0,0,0,0,0,0,0,0,0,0,1,0,1,0,0,24,3,1,3.8477426785812736,https://www.coursera.org/about,0
27,13,6,0,2,0,0,3,0,0,0,0,0,0,0,0,0,0,0,0,0,0,1,0,1,0,0,21,3,1,3.8282375018429557,https://www.apple.com/about,0
31,14,9,0,2,0,0,3,0,0,0,0,0,0,0,0,0,0,0,0,0,0,1,0,1,0,0,25,3,1,3.953565664946427,https://www.heroku.com/services,0
41,11,6,16,3,0,0,3,1,1,0,0,0,0,0,0,0,0,0,0,0,1,0,1,2,1,8,24,4,1,4.454636150748477,http://192.168.1.1/admin?confirm=required,1
28,15,5,0,2,0,0,3,0,0,0,0,0,0,0,0,0,0,0,0,0,0,1,0,1,0,0,22,3,1,3.7264741182543757,https://www.nytimes.com/news,0
95,44,6,36,4,2,0,3,2,3,0,1,0,0,0,0,0,0,0,0,0,0,1,0,3,6,3,76,5,1,4.628868146478856,https://google.com.verify.secure-account-update.info/login?user=admin&pass=123?confirm=required,1
23,15,0,0,2,0,0,2,0,0,0,0,0,0,0,0,0,0,0,0,0,0,1,0,1,0,0,18,3,0,3.7622673906514943,https://www.dropbox.com,0
45,25,0,11,1,2,0,2,1,1,0,0,0,0,0,0,0,0,0,0,0,0,1,0,0,2,0,37,2,0,4.368979207152322,https://paypal-account-verify.com?verify=true,1
37,20,9,0,2,0,0,3,0,0,0,0,0,1,0,0,0,0,0,0,0,0,1,0,1,0,0,30,3,1,4.262979041070738,https://www.khan academy.org/products,0
28,15,5,0,2,0,0,3,0,0,0,0,0,0,0,0,0,0,0,0,0,0,1,0,1,0,0,22,3,1,3.896291529045928,https://www.netflix.com/news,0
47,23,0,16,1,2,0,2,1,1,0,0,0,0,0,0,0,0,0,0,0,0,0,1,0,4,0,39,2,0,4.416083000521746,http://verify-bank-account.net?confirm=required,1
40,25,7,0,1,2,0,3,0,0,0,0,0,0,0,0,0,0,0,0,0,0,1,0,0,3,0,33,2,1,4.234183719779189,https://account-paypal-verify.com/update,1
31,14,9,0,2,0,0,3,0,0,0,0,0,0,0,0,0,0,0,0,0,0,1,0,1,0,0,25,3,1,3.953565664946427,https://www.amazon.com/products,0
50,33,0,8,1,2,0,2,1,1,0,0,0,0,0,0,0,0,0,0,0,0,1,0,0,2,5,37,2,0,4.573660689688187,https://account-confirmation-required.org?id=12345,1
94,44,6,35,4,2,0,3,1,3,0,2,0,0,0,0,0,0,0,0,0,0,1,0,3,5,3,75,5,1,4.598338091578996,https://google.com.verify.secure-account-update.info/login?user=admin&pass=123&update=security,1
31,14,9,0,2,0,0,3,0,0,0,0,0,0,0,0,0,0,0,0,0,0,1,0,1,0,0,25,3,1,4.042433003725894,https://www.amazon.com/services,0
46,26,0,11,1,2,0,2,1,1,0,0,0,0,0,0,0,0,0,0,0,0,1,0,0,3,0,38,2,0,4.403784238571644,https://facebook-login-verify.info?verify=true,1
27,11,8,0,2,0,0,3,0,0,0,0,0,0,0,0,0,0,0,0,0,0,1,0,1,0,0,21,3,1,3.587858798299508,https://www.bbc.com/contact,0
32,18,6,0,2,0,0,3,0,0,0,0,0,0,0,0,0,0,0,0,0,0,1,0,1,0,0,26,3,1,3.8667292966721747,https://www.techcrunch.com/about,0
51,22,22,0,1,2,0,3,0,1,0,1,0,0,0,0,0,0,0,0,0,0,0,1,0,3,0,42,2,1,4.3363671951593865,http://secure-mail-google.com/login&update=security,1
23,10,5,0,1,0,0,3,0,0,0,0,0,0,0,0,0,0,0,0,0,0,1,0,0,0,0,18,2,1,3.816402716644387,https://github.com/help,0
46,38,0,0,1,2,0,2,0,1,0,1,0,0,0,0,0,0,0,0,0,0,1,0,0,4,0,38,2,0,4.42292738033765,https://bank-secure-verify.com&update=security,1
33,17,8,0,2,0,0,3,0,0,0,0,0,0,0,0,0,0,0,0,0,0,1,0,1,0,0,27,3,1,3.8132065289617665,https://www.instagram.com/contact,0
28,14,6,0,2,0,0,3,0,0,0,0,0,0,0,0,0,0,0,0,0,0,1,0,1,0,0,22,3,1,3.815410725242699,https://www.amazon.com/about,0
23,10,5,0,1,0,0,3,0,0,0,0,0,0,0,0,0,0,0,0,0,0,1,0,0,0,0,18,2,1,3.849223912390625,https://stripe.com/blog,0
38,30,0,0,4,0,0,2,0,0,0,0,0,0,0,0,0,0,0,0,0,0,1,0,3,2,0,31,5,0,4.168465671110589,https://verify.account.paypal.evil.com,1
34,17,9,0,2,0,0,3,0,0,0,0,0,0,0,0,0,0,0,0,0,0,1,0,1,0,0,28,3,1,4.02085512047121,https://www.instagram.com/products,0
33,25,0,0,1,2,0,2,0,0,0,0,0,0,0,0,0,0,0,0,0,0,1,0,0,0,0,27,2,0,3.9831956342477306,https://google-security-alert.org,1
32,19,5,0,2,0,0,3,0,0,0,0,0,0,0,0,0,0,0,0,0,0,1,0,1,0,0,26,3,1,3.8514097655573916,https://www.producthunt.com/news,0
32,15,9,0,2,0,0,3,0,0,0,0,0,0,0,0,0,0,0,0,0,0,1,0,1,0,0,26,3,1,3.7417292966721747,https://docs.python.org/products,0
30,13,9,0,2,0,0,3,0,0,0,0,0,0,0,0,0,0,0,0,0,0,1,0,1,0,0,24,3,1,3.898068512058838,https://www.udemy.com/products,0
50,25,0,16,1,2,0,2,1,1,0,0,0,0,0,0,0,0,0,0,0,0,1,0,0,1,0,42,2,0,4.374177320667444,https://icloud-security-check.org?confirm=required,1
24,10,6,0,1,0,0,3,0,0,0,0,0,0,0,0,0,0,0,0,0,0,1,0,0,0,0,19,2,1,3.7201755214643453,https://github.com/about,0
27,14,5,0,2,0,0,3,0,0,0,0,0,0,0,0,0,0,0,0,0,0,1,0,1,0,0,21,3,1,4.004344446367528,https://www.reddit.com/blog,0
32,15,9,0,2,0,0,3,0,0,0,0,0,0,0,0,0,0,0,0,0,0,1,0,1,0,0,26,3,1,3.882048827786958,https://www.spotify.com/products,0
32,19,5,0,2,0,0,3,0,0,0,0,0,0,0,0,0,0,0,0,0,0,1,0,1,0,0,26,3,1,3.9917292966721747,https://www.producthunt.com/blog,0
23,10,5,0,1,0,0,3,0,0,0,0,0,0,0,0,0,0,0,0,0,0,1,0,0,0,0,18,2,1,4.0559581516151235,https://square.com/blog,0
49,33,0,8,1,2,0,2,1,1,0,0,0,0,0,0,0,0,0,0,0,0,0,1,0,1,5,36,2,0,4.474417946545265,http://facebook-account-verification.net?id=12345,1
42,25,0,8,1,2,0,2,1,1,0,0,0,0,0,0,0,0,0,0,0,0,1,0,0,0,5,29,2,0,4.510899565429859,https://google-security-alert.org?id=12345,1
49,41,0,0,1,2,0,2,0,1,0,1,0,0,0,0,0,0,0,0,0,0,1,0,0,1,0,41,2,0,4.237486508291452,https://icloud-security-check.org&update=security,1
37,14,6,8,2,0,0,3,1,1,0,0,0,0,0,0,0,0,0,0,0,0,1,0,1,1,6,23,3,1,4.499597622210293,https://www.paypa1.com/login?id=12345,1
90,44,6,31,4,2,0,3,2,3,0,1,0,0,0,0,0,0,0,0,0,0,1,0,3,5,3,71,5,1,4.632604042026026,https://google.com.verify.secure-account-update.info/login?user=admin&pass=123?verify=true,1
49,41,0,0,1,2,0,2,0,1,0,1,0,0,0,0,0,0,0,0,0,0,1,0,0,3,0,41,2,0,4.303713293961586,https://secure-update-banking.org&update=security,1
27,10,9,0,1,0,0,3,0,0,0,0,0,0,0,0,0,0,0,0,0,0,1,0,0,0,0,22,2,1,3.838039816898156,https://github.com/products,0
21,13,0,0,1,0,0,2,0,0,0,0,0,0,0,0,0,0,0,0,0,0,1,0,0,0,0,17,2,0,3.7849418274376427,https://facebookk.com,1
41,12,22,0,1,0,0,3,0,1,0,1,0,0,0,0,0,0,0,0,0,0,0,1,0,2,1,33,2,1,4.491459931341816,http://fac3book.com/login&update=security,1
54,29,0,16,2,2,0,2,1,1,0,0,0,0,0,0,0,0,0,0,0,0,1,0,1,3,0,45,3,0,4.519164243770866,https://www.facebook-secure-login.com?confirm=required,1
28,11,9,0,2,0,0,3,0,0,0,0,0,0,0,0,0,0,0,0,0,0,1,0,1,0,0,22,3,1,3.743982153814128,https://www.zoom.us/products,0
28,11,9,0,2,0,0,3,0,0,0,0,0,0,0,0,0,0,0,0,0,0,1,0,1,0,0,22,3,1,3.770942421748537,https://www.cnn.com/products,0
25,17,0,0,2,0,0,2,0,0,0,0,0,0,0,0,0,0,0,0,0,0,1,0,1,0,1,19,3,0,3.5434651896016467,https://www.w3schools.com,0
26,13,5,0,2,0,0,3,0,0,0,0,0,0,0,0,0,0,0,0,0,0,1,0,1,0,0,20,3,1,3.7962176025900556,https://www.slack.com/news,0
31,17,6,0,2,0,0,3,0,0,0,0,0,0,0,0,0,0,0,0,0,0,1,0,1,0,0,25,3,1,3.873235826376328,https://www.microsoft.com/about,0
35,10,0,16,1,0,0,2,1,1,0,0,0,0,0,0,0,0,0,0,0,0,1,0,0,1,1,28,2,0,4.3572958738405685,https://amaz0n.net?confirm=required,1
62,37,0,16,2,2,0,2,1,1,0,0,0,0,0,0,0,0,0,0,0,0,1,0,1,3,0,53,3,0,4.396077617900942,https://gmail-verify.account-confirmation.com?confirm=required,1
49,25,7,8,1,2,0,3,1,1,0,0,0,0,0,0,0,0,0,0,0,0,1,0,0,3,5,35,2,1,4.645122599128944,https://account-paypal-verify.com/update?id=12345,1
51,44,0,0,3,1,0,2,0,1,0,1,0,0,0,0,0,0,0,0,0,0,0,1,2,3,0,42,4,0,4.282349793156181,http://login.gmail.super-secure.net&update=security,1
61,53,0,0,2,2,0,2,0,1,0,1,0,0,0,0,0,0,0,0,0,0,1,0,1,4,0,52,3,0,4.414286625038001,https://gmail-verify.account-confirmation.com&update=security,1
30,17,5,0,2,0,0,3,0,0,0,0,0,0,0,0,0,0,0,0,0,0,1,0,1,0,0,24,3,1,3.8980685120588383,https://www.instagram.com/news,0
48,32,0,8,3,0,0,2,1,1,0,0,0,0,0,0,0,0,0,0,0,0,0,1,2,1,5,35,4,0,4.488521032323435,http://accounts.google.verification.net?id=12345,1
33,25,0,0,1,2,0,2,0,0,0,0,0,0,0,0,0,0,0,0,0,0,1,0,0,0,0,27,2,0,4.150158513166729,https://amazon-security-check.net,1
48,8,0,0,2,0,0,2,0,1,1,1,0,0,0,0,0,0,1,0,0,0,1,0,0,1,0,39,2,0,4.373734053066624,https://fake.com#@legitimate.com&update=security,1
30,13,9,0,2,0,0,3,0,0,0,0,0,0,0,0,0,0,0,0,0,0,1,0,1,0,0,24,3,1,4.0062389286533895,https://www.udemy.com/services,0
27,14,5,0,2,0,0,3,0,0,0,0,0,0,0,0,0,0,0,0,0,0,1,0,1,0,0,21,3,1,4.004344446367528,https://www.heroku.com/blog,0
50,25,0,16,1,2,0,2,1,1,0,0,0,0,0,0,0,0,0,0,0,0,1,0,0,1,0,42,2,0,4.42146788019945,https://amazon-security-check.net?confirm=required,1
54,46,0,0,4,0,0,2,0,1,0,1,0,0,0,0,0,0,0,0,0,0,1,0,3,3,0,45,5,0,4.312770780294446,https://verify.account.paypal.evil.com&update=security,1
33,16,9,0,2,0,0,3,0,0,0,0,0,0,0,0,0,0,0,0,0,0,1,0,1,0,0,27,3,1,4.081532376606414,https://www.linkedin.com/services,0
27,14,5,0,2,0,0,3,0,0,0,0,0,0,0,0,0,0,0,0,0,0,1,0,1,0,0,21,3,1,3.8561962982193805,https://www.reddit.com/help,0
51,26,0,16,1,2,0,2,1,1,0,0,0,0,0,0,0,0,0,0,0,0,1,0,0,4,0,43,2,0,4.49646125469626,https://facebook-login-verify.info?confirm=required,1
45,25,0,11,1,2,0,2,1,1,0,0,0,0,0,0,0,0,0,0,0,0,1,0,0,1,0,37,2,0,4.364540741814106,https://amazon-security-check.net?verify=true,1
51,25,7,11,1,2,0,3,1,1,0,0,0,0,0,0,0,0,0,0,0,0,0,1,0,4,0,42,2,1,4.196264312262786,http://update-paypal-account.net/secure?verify=true,1
37,29,0,0,2,2,0,2,0,0,0,0,0,0,0,0,0,0,0,0,0,0,1,0,1,2,0,30,3,0,4.3374354600481295,https://www.facebook-secure-login.com,1
37,20,9,0,2,0,0,3,0,0,0,0,0,0,0,0,0,0,0,0,0,0,1,0,1,0,0,31,3,1,4.121219243831913,https://news.ycombinator.com/products,0
26,13,5,0,2,0,0,3,0,0,0,0,0,0,0,0,0,0,0,0,0,0,1,0,1,0,0,20,3,1,3.642371448743902,https://www.apple.com/help,0
35,21,6,0,2,0,0,3,0,0,0,0,0,0,0,0,0,0,0,0,0,0,1,0,1,0,0,29,3,1,4.079143374026009,https://www.stackoverflow.com/about,0
27,14,5,0,2,0,0,3,0,0,0,0,0,0,0,0,0,0,0,0,0,0,1,0,1,0,0,21,3,1,3.8100810205217313,https://www.paypal.com/news,0
36,20,8,0,2,0,0,3,0,0,0,0,0,1,0,0,0,0,0,0,0,0,1,0,1,0,0,29,3,1,4.107017709595356,https://www.khan academy.org/contact,0
79,24,7,40,4,1,0,3,2,2,0,0,0,0,0,0,0,0,0,0,0,0,0,1,1,2,0,66,3,1,4.4420761601142535,http://gmail.security-check.com/verify?comeback=accounts.google.com?verify=true,1
31,17,6,0,2,0,0,3,0,0,0,0,0,0,0,0,0,0,0,0,0,0,1,0,1,0,0,25,3,1,3.9779168746936358,https://www.wikipedia.org/about,0
33,20,5,0,2,0,0,3,0,0,0,0,0,0,0,0,0,0,0,0,0,0,1,0,1,0,0,27,3,1,4.020926316000352,https://news.ycombinator.com/news,0
30,16,6,0,2,0,0,3,0,0,0,0,0,0,0,0,0,0,0,0,0,0,1,0,1,0,0,24,3,1,3.894739663055176,https://outlook.live.com/about,0
37,29,0,0,1,2,0,2,0,0,0,0,0,0,0,0,0,0,0,0,0,0,1,0,0,0,0,31,2,0,3.9873106372810145,https://immediate-action-required.net,1
28,15,5,0,2,0,0,3,0,0,0,0,0,0,0,0,0,0,0,0,0,0,1,0,1,0,0,22,3,1,4.0836169753972325,https://www.netflix.com/blog,0
50,43,0,0,1,2,0,2,0,1,0,1,0,0,0,0,0,0,0,0,0,0,0,1,0,3,0,42,2,0,4.273269689515108,http://appleid-account-confirm.net&update=security,1
37,20,9,0,2,0,0,3,0,0,0,0,0,0,0,0,0,0,0,0,0,0,1,0,1,0,0,31,3,1,4.1548709329626305,https://www.digitalocean.com/products,0
27,14,5,0,2,0,0,3,0,0,0,0,0,0,0,0,0,0,0,0,0,0,1,0,1,0,0,21,3,1,3.85619629821938,https://www.paypal.com/blog,0
29,15,6,0,2,0,0,3,0,0,0,0,0,0,0,0,0,0,0,0,0,0,1,0,1,0,0,23,3,1,3.788341339656749,https://www.youtube.com/about,0
28,15,5,0,2,0,0,3,0,0,0,0,0,0,0,0,0,0,0,0,0,0,1,0,1,0,0,22,3,1,3.91379956460568,https://www.youtube.com/blog,0
42,25,0,8,1,2,0,2,1,1,0,0,0,0,0,0,0,0,0,0,0,0,1,0,0,2,5,29,2,0,4.70137575590605,https://paypal-account-verify.com?id=12345,1
55,30,0,16,4,0,0,2,1,1,0,0,0,0,0,0,0,0,0,0,0,0,1,0,3,3,0,46,5,0,4.417367895185498,https://verify.account.paypal.evil.com?confirm=required,1
25,12,6,0,1,0,0,3,0,0,0,0,0,0,0,0,0,0,0,0,0,0,0,1,0,1,1,19,2,1,3.973660689688184,http://fac3book.com/login,1
33,25,0,0,1,2,0,2,0,0,0,0,0,0,0,0,0,0,0,0,0,0,1,0,0,2,0,27,2,0,4.225619876671973,https://amazon-account-verify.com,1
28,11,9,0,2,0,0,3,0,0,0,0,0,0,0,0,0,0,0,0,0,0,1,0,1,0,0,22,3,1,3.8962915290459277,https://www.zoom.us/services,0
47,25,6,8,1,2,0,3,1,1,0,0,0,0,0,0,0,0,0,0,0,0,0,1,0,2,5,33,2,1,4.60503160735656,http://urgent-security-alert.com/click?id=12345,1
45,25,0,11,1,2,0,2,1,1,0,0,0,0,0,0,0,0,0,0,0,0,1,0,0,4,0,37,2,0,4.417085807960779,https://secure-update-banking.org?verify=true,1
24,11,5,0,2,0,0,3,0,0,0,0,0,0,0,0,0,0,0,0,0,0,1,0,1,0,0,18,3,1,3.6887218755408675,https://www.bbc.com/help,0
23,10,5,0,1,0,0,3,0,0,0,0,0,0,0,0,0,0,0,0,0,0,1,0,0,0,0,18,2,1,3.7622673906514947,https://github.com/blog,0
84,24,7,45,4,1,0,3,2,2,0,0,0,0,0,0,0,0,0,0,0,0,0,1,1,3,0,71,3,1,4.4831421693306135,http://gmail.security-check.com/verify?comeback=accounts.google.com?confirm=required,1
53,45,0,0,2,2,0,2,0,1,0,1,0,0,0,0,0,0,0,0,0,0,1,0,1,3,0,44,3,0,4.522744926621176,https://www.facebook-secure-login.com&update=security,1
33,17,8,0,2,0,0,3,0,0,0,0,0,0,0,0,0,0,0,0,0,0,1,0,1,0,1,26,3,1,3.665310028318243,https://www.w3schools.com/contact,0
44,28,0,8,3,1,0,2,1,1,0,0,0,0,0,0,0,0,0,0,0,0,0,1,2,2,5,30,4,0,4.589780198035242,http://login.gmail.super-secure.net?id=12345,1
22,14,0,0,2,0,0,2,0,0,0,0,0,0,0,0,0,0,0,0,0,0,1,0,1,0,0,17,3,0,3.663532754804254,https://www.paypal.com,0
28,15,5,0,2,0,0,3,0,0,0,0,0,0,0,0,0,0,0,0,0,0,1,0,1,0,0,22,3,1,3.5939917630919935,https://www.twitter.com/news,0
51,27,0,16,1,2,0,2,1,1,0,0,0,0,0,0,0,0,0,0,0,0,0,1,0,2,0,43,2,0,4.472047284150445,http://banking-portal-security.net?confirm=required,1
47,40,0,0,1,2,0,2,0,1,0,1,0,0,0,0,0,0,0,0,0,0,0,1,0,3,0,39,2,0,4.280667511657909,http://paypal-secure-verify.org&update=security,1
34,17,9,0,2,0,0,3,0,0,0,0,0,0,0,0,0,0,0,0,0,0,1,0,1,0,0,28,3,1,3.8588029144615947,https://www.microsoft.com/services,0
40,17,7,8,1,1,0,3,1,1,0,0,0,0,0,0,0,0,0,0,0,0,0,1,0,2,5,27,2,1,4.462814895472356,http://update-google.net/secure?id=12345,1
24,16,0,0,2,0,0,2,0,0,0,0,0,0,0,0,0,0,0,0,0,0,1,0,1,0,0,19,3,0,3.740601562950723,https://www.theverge.com,0
41,14,19,0,2,0,0,4,0,0,0,0,0,0,0,0,0,0,0,0,0,0,1,0,1,1,0,34,3,2,3.997199870207905,https://www.paypal.com/myaccount/homepage,0
30,17,5,0,2,0,0,3,0,0,0,0,0,0,0,0,0,0,0,0,0,0,1,0,1,0,0,24,3,1,3.9898980954642873,https://www.wikipedia.org/blog,0
23,15,0,0,2,0,0,2,0,0,0,0,0,0,0,0,0,0,0,0,0,0,1,0,1,0,0,18,3,0,3.6211755429194716,https://www.weather.com,0
31,17,6,0,2,0,0,3,0,0,0,0,0,0,0,0,0,0,0,0,0,0,1,0,1,0,1,24,3,1,3.7843684875968617,https://www.w3schools.com/about,0
28,15,5,0,2,0,0,3,0,0,0,0,0,0,0,0,0,0,0,0,0,0,1,0,1,0,0,22,3,1,3.7979026896829464,https://mail.google.com/blog,0
23,10,5,0,1,0,0,3,0,0,0,0,0,0,0,0,0,0,0,0,0,0,1,0,0,0,0,18,2,1,3.8820451081368628,https://square.com/help,0
27,14,5,0,2,0,0,3,0,0,0,0,0,0,0,0,0,0,0,0,0,0,1,0,1,0,0,21,3,1,3.85619629821938,https://www.medium.com/help,0
31,18,5,0,2,0,0,3,0,0,0,0,0,0,0,0,0,0,0,0,0,0,1,0,1,0,0,25,3,1,3.7843684875968617,https://www.techcrunch.com/help,0
33,17,8,0,2,0,0,3,0,0,0,0,0,0,0,0,0,0,0,0,0,0,1,0,1,0,0,27,3,1,3.7266988631353013,https://support.apple.com/contact,0
24,16,0,0,2,0,0,2,0,0,0,0,0,0,0,0,0,0,0,0,0,0,1,0,1,0,0,19,3,0,3.9701755214643453,https://www.linkedin.com,0
23,15,0,0,2,0,0,2,0,0,0,0,0,0,0,0,0,0,0,0,0,0,1,0,1,0,0,18,3,0,3.6753108689123644,https://www.spotify.com,0
29,21,0,0,2,0,0,2,0,0,0,0,0,0,0,0,0,0,0,0,0,0,1,0,1,0,0,24,3,0,3.9783335811852645,https://www.stackoverflow.com,0
30,17,5,0,2,0,0,3,0,0,0,0,0,0,0,0,0,0,0,0,0,0,1,0,1,0,0,24,3,1,3.8695767463163935,https://www.wikipedia.org/news,0
29,16,5,0,2,0,0,3,0,0,0,0,0,0,0,0,0,0,0,0,0,0,1,0,1,0,0,23,3,1,3.9783335811852645,https://outlook.live.com/news,0
26,10,8,0,1,0,0,3,0,0,0,0,0,0,0,0,0,0,0,0,0,0,1,0,0,0,0,21,2,1,3.657385276650178,https://stripe.com/contact,0
49,41,0,0,1,2,0,2,0,1,0,1,0,0,0,0,0,0,0,0,0,0,1,0,0,1,0,41,2,0,4.280340905640633,https://amazon-security-check.net&update=security,1
47,40,0,0,1,2,0,2,0,1,0,1,0,0,0,0,0,0,0,0,0,0,0,1,0,2,0,39,2,0,4.030638789859758,http://update-apple-account.net&update=security,1
53,33,0,11,1,2,0,2,1,1,0,0,0,0,0,0,0,0,0,0,0,0,1,0,0,3,0,45,2,0,4.343315209558402,https://account-confirmation-required.org?verify=true,1
24,11,5,0,2,0,0,3,0,0,0,0,0,0,0,0,0,0,0,0,0,0,1,0,1,0,0,18,3,1,3.6887218755408675,https://www.zoom.us/help,0
55,25,6,16,1,2,0,3,1,1,0,0,0,0,0,0,0,0,0,0,0,0,0,1,0,3,0,46,2,1,4.365932960216216,http://urgent-security-alert.com/click?confirm=required,1
30,17,5,0,2,0,0,3,0,0,0,0,0,0,0,0,0,0,0,0,0,0,1,0,1,0,0,24,3,1,4.031401845392172,https://www.instagram.com/help,0
31,14,9,0,2,0,0,3,0,0,0,0,0,0,0,0,0,0,0,0,0,0,1,0,1,0,0,25,3,1,4.0667842134731025,https://www.github.com/features,0
23,10,5,0,1,0,0,3,0,0,0,0,0,0,0,0,0,0,0,0,0,0,1,0,0,0,0,18,2,1,3.7294461949052566,https://stripe.com/news,0
50,43,0,0,1,2,0,2,0,1,0,1,0,0,0,0,0,0,0,0,0,0,0,1,0,2,0,42,2,0,4.320240000427043,http://banking-portal-security.net&update=security,1
24,11,5,0,2,0,0,3,0,0,0,0,0,0,0,0,0,0,0,0,0,0,1,0,1,0,0,18,3,1,3.6572682296173893,https://www.bbc.com/blog,0
46,39,0,0,1,2,0,2,0,1,0,1,0,0,0,0,0,0,0,0,0,0,0,1,0,4,0,38,2,0,4.338141847079169,http://verify-bank-account.net&update=security,1
28,14,6,0,2,0,0,3,0,0,0,0,0,0,0,0,0,0,0,0,0,0,1,0,1,0,0,22,3,1,3.9677201004744997,https://www.reddit.com/about,0
49,32,0,8,3,0,0,2,1,1,0,0,0,0,0,0,0,0,0,0,0,0,1,0,2,2,5,36,4,0,4.591465650494441,https://secure.facebook.confirmation.org?id=12345,1
39,10,5,16,3,0,0,3,1,1,0,0,0,0,0,0,0,0,0,0,0,1,0,1,2,2,7,23,4,1,4.592593244281379,http://172.16.0.1/bank?confirm=required,1
19,11,0,0,2,0,0,2,0,0,0,0,0,0,0,0,0,0,0,0,0,0,1,0,1,0,0,14,3,0,3.471354487013929,https://www.zoom.us,0
54,34,0,11,4,0,0,2,1,1,0,0,0,0,0,0,0,0,0,0,0,0,1,0,3,2,0,45,5,0,4.313249142312278,https://confirm.identity.amazon.verify.org?verify=true,1
38,8,6,16,3,0,0,3,1,1,0,0,0,0,0,0,0,0,0,0,0,1,0,1,2,2,5,24,4,1,4.359126526316814,http://10.0.0.1/login?confirm=required,1
29,15,6,0,2,0,0,3,0,0,0,0,0,0,0,0,0,0,0,0,0,0,1,0,1,0,0,23,3,1,3.883337460421007,https://www.dropbox.com/about,0
30,22,0,0,1,2,0,2,0,0,0,0,0,0,0,0,0,0,0,0,0,0,1,0,0,3,0,24,2,0,4.348394345536403,https://bank-secure-verify.com,1
28,15,5,0,2,0,0,3,0,0,0,0,0,0,0,0,0,0,0,0,0,0,1,0,1,0,0,22,3,1,3.8423709931771084,https://docs.python.org/news,0
28,15,5,0,2,0,0,3,0,0,0,0,0,0,0,0,0,0,0,0,0,0,1,0,1,0,0,22,3,1,4.012188403968661,https://www.nytimes.com/blog,0
21,8,6,0,3,0,0,3,0,0,0,0,0,0,0,0,0,0,0,0,0,1,0,1,2,1,5,9,4,1,3.5225715891363594,http://10.0.0.1/login,1
31,18,5,0,2,0,0,3,0,0,0,0,0,0,0,0,0,0,0,0,0,0,1,0,1,0,0,25,3,1,4.091135423220312,https://www.cloudflare.com/news,0
42,22,0,11,1,2,0,2,1,1,0,0,0,0,0,0,0,0,0,0,0,0,1,0,0,3,0,34,2,0,4.383638185240658,https://bank-secure-verify.com?verify=true,1
30,13,9,0,2,0,0,3,0,0,0,0,0,0,0,0,0,0,0,0,0,0,1,0,1,0,0,24,3,1,3.964735178725505,https://www.slack.com/services,0
23,15,0,0,2,0,0,2,0,0,0,0,0,0,0,0,0,0,0,0,0,0,1,0,1,0,0,18,3,0,3.6539967386657093,https://docs.google.com,0
84,29,8,39,3,1,0,3,2,3,0,1,0,0,0,0,0,0,0,0,0,0,0,1,2,3,0,70,4,1,4.38267456622549,http://paypal.com.security-check.org/account?verify=true&redirect=update?verify=true,1
34,17,9,0,2,0,0,3,0,0,0,0,0,0,0,0,0,0,0,0,0,0,1,0,1,0,0,28,3,1,4.020855120471211,https://www.instagram.com/services,0
42,34,0,0,4,0,0,2,0,0,0,0,0,0,0,0,0,0,0,0,0,0,1,0,3,2,0,35,5,0,4.195539744052798,https://confirm.identity.amazon.verify.org,1
39,19,0,11,1,2,0,2,1,1,0,0,0,0,0,0,0,0,0,0,0,0,1,0,0,1,0,31,2,0,4.3361829878711236,https://apple-id-verify.com?verify=true,1
26,18,0,0,2,0,0,2,0,0,0,0,0,0,0,0,0,0,0,0,0,0,1,0,1,0,0,21,3,0,4.056020968057881,https://www.cloudflare.com,0
22,14,0,0,2,0,0,2,0,0,0,0,0,0,0,0,0,0,0,0,0,0,1,0,1,0,0,17,3,0,3.7544418457133446,https://www.medium.com,0
28,15,5,0,2,0,0,3,0,0,0,0,0,0,0,0,0,0,0,0,0,0,1,0,1,0,0,22,3,1,3.842370993177109,https://www.spotify.com/help,0
30,17,5,0,2,0,0,3,0,0,0,0,0,0,0,0,0,0,0,0,0,0,1,0,1,0,0,24,3,1,3.8980685120588388,https://www.microsoft.com/blog,0
37,17,12,0,2,0,0,4,0,0,0,0,0,0,0,0,0,0,0,0,0,0,1,0,1,0,0,30,3,2,3.912854218303624,https://www.wikipedia.org/wiki/Google,0
37,8,22,0,3,0,0,3,0,1,0,1,0,0,0,0,0,0,0,0,0,1,0,1,2,2,5,23,4,1,4.3374354600481295,http://10.0.0.1/login&update=security,1
31,14,9,0,2,0,0,3,0,0,0,0,0,0,0,0,0,0,0,0,0,0,1,0,1,0,0,25,3,1,3.9134007456613777,https://www.paypal.com/products,0
49,41,0,0,1,2,0,2,0,1,0,1,0,0,0,0,0,0,0,0,0,0,1,0,0,3,0,41,2,0,4.392785293484041,https://amazon-account-verify.com&update=security,1
33,25,0,0,1,2,0,2,0,0,0,0,0,0,0,0,0,0,0,0,0,0,1,0,0,2,0,27,2,0,4.225619876671973,https://paypal-account-verify.com,1
30,17,5,0,2,0,0,3,0,0,0,0,0,0,0,0,0,0,0,0,0,0,1,0,1,0,1,23,3,1,3.7232314287976207,https://www.w3schools.com/blog,0
47,22,6,11,1,2,0,3,1,1,0,0,0,0,0,0,0,0,0,0,0,0,0,1,0,3,0,38,2,1,4.360142777477263,http://secure-mail-google.com/login?verify=true,1
31,24,0,0,1,2,0,2,0,0,0,0,0,0,0,0,0,0,0,0,0,0,0,1,0,2,0,25,2,0,3.692279682039657,http://update-apple-account.net,1
44,25,0,11,1,2,0,2,1,1,0,0,0,0,0,0,0,0,0,0,0,0,0,1,0,2,0,36,2,0,4.362507470762514,http://account-amazon-verify.org?verify=true,1
32,16,8,0,2,0,0,3,0,0,0,0,0,0,0,0,0,0,0,0,0,0,1,0,1,0,0,26,3,1,3.8522170014624826,https://outlook.live.com/contact,0
19,11,0,0,2,0,0,2,0,0,0,0,0,0,0,0,0,0,0,0,0,0,1,0,1,0,0,14,3,0,3.471354487013929,https://www.cnn.com,0
45,14,6,16,2,0,0,3,1,1,0,0,0,0,0,0,0,0,0,0,0,0,1,0,1,2,1,36,3,1,4.5467569849301,https://www.paypa1.com/login?confirm=required,1
23,10,5,0,1,0,0,3,0,0,0,0,0,0,0,0,0,0,0,0,0,0,1,0,0,0,0,18,2,1,3.9361804341297555,https://github.com/news,0
41,25,0,8,2,0,0,2,1,1,0,0,0,0,0,0,0,0,0,0,1,0,0,1,1,0,7,26,3,0,4.519392785676613,http://legitimate.com%40fake.net?id=12345,1
39,22,0,8,1,2,0,2,1,1,0,0,0,0,0,0,0,0,0,0,0,0,1,0,0,3,5,26,2,0,4.804507667524723,https://bank-secure-verify.com?id=12345,1
23,15,0,0,2,0,0,2,0,0,0,0,0,0,0,0,0,0,0,0,0,0,1,0,1,0,0,18,3,0,3.7622673906514947,https://www.nytimes.com,0
23,15,0,0,2,0,0,2,0,0,0,0,0,0,0,0,0,0,0,0,0,0,1,0,1,0,0,18,3,0,3.7622673906514947,https://www.youtube.com,0
26,13,5,0,2,0,0,3,0,0,0,0,0,0,0,0,0,0,0,0,0,0,1,0,1,0,0,20,3,1,3.719294525666979,https://www.apple.com/news,0
28,13,7,0,2,0,0,3,0,0,0,0,0,0,0,0,0,0,0,0,0,0,1,0,1,1,0,22,3,1,3.940759832540089,https://www.slack.com/signin,0
32,10,6,8,1,0,0,3,1,1,0,0,0,0,0,0,0,0,0,0,0,0,0,1,0,1,6,19,2,1,4.476409765557392,http://amaz0n.com/login?id=12345,1
30,17,6,0,1,1,0,3,0,0,0,0,0,0,0,0,0,0,0,0,0,0,0,1,0,2,0,24,2,1,3.8062389286533898,http://paypal-signin.net/login,1
30,14,8,0,2,0,0,3,0,0,0,0,0,0,0,0,0,0,0,0,0,0,1,0,1,0,0,24,3,1,3.872905595320056,https://www.medium.com/contact,0
30,13,9,0,2,0,0,3,0,0,0,0,0,0,0,0,0,0,0,0,0,0,1,0,1,0,0,24,3,1,3.9144093452479405,https://www.slack.com/products,0
23,15,0,0,2,0,0,2,0,0,0,0,0,0,0,0,0,0,0,0,0,0,1,0,1,0,0,18,3,0,3.675310868912364,https://docs.python.org,0
29,16,5,0,2,0,0,3,0,0,0,0,0,0,0,0,0,0,0,0,0,0,1,0,1,0,0,23,3,1,3.926272374139508,https://www.theverge.com/blog,0
26,13,5,0,2,0,0,3,0,0,0,0,0,0,0,0,0,0,0,0,0,0,1,0,1,0,0,20,3,1,4.026986833359286,https://www.udemy.com/blog,0
35,18,9,0,2,0,0,3,0,0,0,0,0,0,0,0,0,0,0,0,0,0,1,0,1,0,0,29,3,1,4.050013373778756,https://www.cloudflare.com/products,0
56,48,0,0,3,0,0,2,0,1,0,1,0,0,0,0,0,0,0,0,0,0,1,0,2,3,0,48,4,0,4.332294941091037,https://secure.facebook.confirmation.org&update=security,1
42,12,6,16,1,0,0,3,1,1,0,0,0,0,0,0,0,0,0,0,0,0,0,1,0,2,1,34,2,1,4.424955744609935,http://fac3book.com/login?confirm=required,1
68,44,0,16,6,0,0,2,1,1,0,0,0,0,0,0,0,0,0,0,0,0,0,1,5,4,0,57,7,0,4.362459533218755,http://account.login.access.admin.bank.phishing.net?confirm=required,1
28,14,6,0,2,0,0,3,0,0,0,0,0,0,0,0,0,0,0,0,0,0,1,0,1,0,0,22,3,1,4.01218840396866,https://www.vercel.com/about,0
31,15,8,0,2,0,0,3,0,0,0,0,0,0,0,0,0,0,0,0,0,0,1,0,1,0,0,25,3,1,3.7726095206097554,https://www.spotify.com/contact,0
34,17,9,0,2,0,0,3,0,0,0,0,0,0,0,0,0,0,0,0,0,0,1,0,1,0,0,28,3,1,3.85586569475248,https://support.apple.com/services,0
35,10,0,16,1,0,0,2,1,1,0,0,0,0,0,0,0,0,0,0,0,0,1,0,0,1,1,28,2,0,4.28614658824991,https://goog1e.com?confirm=required,1
18,10,0,0,1,0,0,2,0,0,0,0,0,0,0,0,0,0,0,0,0,0,1,0,0,0,1,13,2,0,3.5724312513221195,https://goog1e.com,1
40,24,0,8,1,2,0,2,1,1,0,0,0,0,0,0,0,0,0,0,0,0,0,1,0,2,5,27,2,0,4.665311532225102,http://paypal-secure-verify.org?id=12345,1
32,15,9,0,2,0,0,3,0,0,0,0,0,0,0,0,0,0,0,0,0,0,1,0,1,0,0,26,3,1,3.691428031846024,https://www.twitter.com/services,0
34,27,0,0,1,2,0,2,0,0,0,0,0,0,0,0,0,0,0,0,0,0,0,1,0,2,0,28,2,0,4.079678649882975,http://appleid-account-confirm.net,1
36,14,7,6,2,0,0,3,1,1,0,0,0,0,0,0,0,0,0,0,0,0,1,0,1,0,0,28,3,1,4.065079515030718,https://www.google.com/search?q=test,0
57,32,6,11,1,3,0,3,1,1,0,0,0,0,0,0,0,0,0,0,0,0,0,1,0,5,0,47,2,1,4.307702348032328,http://secure-account-verify-update.net/login?verify=true,1
37,29,0,0,1,0,0,2,0,1,0,1,0,0,0,0,0,0,0,0,0,0,1,0,0,1,0,31,2,0,4.283381405994076,https://facebookk.com&update=security,1
29,15,6,0,2,0,0,3,0,0,0,0,0,0,0,0,0,0,0,0,0,0,1,0,1,0,0,23,3,1,3.909368063943885,https://mail.google.com/about,0
28,15,5,0,2,0,0,3,0,0,0,0,0,0,0,0,0,0,0,0,0,0,1,0,1,0,0,22,3,1,3.7979026896829473,https://www.spotify.com/news,0
29,15,6,0,2,0,0,3,0,0,0,0,0,0,0,0,0,0,0,0,0,0,1,0,1,1,0,23,3,1,4.021268494903765,https://www.netflix.com/login,0
43,27,0,8,1,2,0,2,1,1,0,0,0,0,0,0,0,0,0,0,0,0,0,1,0,2,5,30,2,0,4.518833359152007,http://appleid-account-confirm.net?id=12345,1
54,29,0,16,2,2,0,2,1,1,0,0,0,0,0,0,0,0,0,0,0,0,1,0,1,3,0,45,3,0,4.534993002516668,https://www.google-account-verify.com?confirm=required,1
37,12,6,11,1,0,0,3,1,1,0,0,0,0,0,0,0,0,0,0,0,0,0,1,0,2,1,29,2,1,4.465945933079575,http://fac3book.com/login?verify=true,1
28,15,5,0,2,0,0,3,0,0,0,0,0,0,0,0,0,0,0,0,0,0,1,0,1,0,0,22,3,1,3.6689869584530603,https://www.weather.com/news,0
33,16,9,0,2,0,0,3,0,0,0,0,0,0,0,0,0,0,0,0,0,0,1,0,1,0,0,27,3,1,4.058656997752975,https://www.facebook.com/services,0
25,11,6,0,2,0,0,3,0,0,0,0,0,0,0,0,0,0,0,0,0,0,1,0,1,0,0,19,3,1,3.7532696895151076,https://www.cnn.com/about,0
27,10,0,8,1,0,0,2,1,1,0,0,0,0,0,0,0,0,0,0,0,0,1,0,0,0,6,15,2,0,4.3565583354166755,https://amaz0n.net?id=12345,1
24,11,5,0,2,0,0,3,0,0,0,0,0,0,0,0,0,0,0,0,0,0,1,0,1,0,0,18,3,1,3.5220552088742005,https://www.cnn.com/news,0
24,10,6,0,1,0,0,3,0,0,0,0,0,0,0,0,0,0,0,0,0,0,1,0,0,0,0,19,2,1,3.8553885422075345,https://square.com/about,0
30,16,6,0,2,0,0,3,0,0,0,0,0,0,0,0,0,0,0,0,0,0,1,0,1,1,0,24,3,1,4.0062389286533895,https://www.linkedin.com/login,0
37,20,9,0,2,0,0,3,0,0,0,0,0,0,0,0,0,0,0,0,0,0,1,0,1,0,0,31,3,1,4.080414513985239,https://news.ycombinator.com/services,0
32,25,0,0,1,2,0,2,0,0,0,0,0,0,0,0,0,0,0,0,0,0,0,1,0,2,0,26,2,0,4.241729296672174,http://account-amazon-verify.org,1
31,14,9,0,2,0,0,3,0,0,0,0,0,0,0,0,0,0,0,0,0,0,1,0,1,0,0,25,3,1,3.824533406881911,https://www.vercel.com/services,0
33,17,8,0,2,0,0,3,0,0,0,0,0,0,0,0,0,0,0,0,0,0,1,0,1,0,0,27,3,1,3.9683403313485464,https://www.wikipedia.org/contact,0
61,44,0,8,6,0,0,2,1,1,0,0,0,0,0,0,0,0,0,0,0,0,1,0,5,4,5,45,7,0,4.584196919736365,https://secure.verify.update.confirm.paypal.evil.com?id=12345,1
48,25,7,8,1,2,0,3,1,1,0,0,0,0,0,0,0,0,0,0,0,0,0,1,0,3,5,34,2,1,4.420914521951841,http://update-paypal-account.net/secure?id=12345,1
71,28,8,26,4,0,0,3,2,2,0,0,0,0,0,0,0,0,0,0,0,0,1,0,3,4,0,59,5,1,4.362509753454243,https://amazon.com.verify.secure.net/account?redirect=login?verify=true,1
36,19,0,8,1,2,0,2,1,1,0,0,0,0,0,0,0,0,0,0,0,0,1,0,0,1,5,23,2,0,4.627986806877674,https://apple-id-verify.com?id=12345,1
26,10,8,0,1,0,0,3,0,0,0,0,0,0,0,0,0,0,0,0,0,0,1,0,0,0,0,21,2,1,3.796217602590055,https://square.com/contact,0
50,30,0,11,4,0,0,2,1,1,0,0,0,0,0,0,0,0,0,0,0,0,1,0,3,2,0,41,5,0,4.298171939471839,https://verify.account.paypal.evil.com?verify=true,1
30,10,0,11,1,0,0,2,1,1,0,0,0,0,0,0,0,0,0,0,0,0,1,0,0,1,1,23,2,0,4.215061012203069,https://amaz0n.net?verify=true,1
31,14,9,0,2,0,0,3,0,0,0,0,0,0,0,0,0,0,0,0,0,0,1,0,1,0,0,25,3,1,3.9292144551992183,https://www.medium.com/services,0
48,24,0,16,1,2,0,2,1,1,0,0,0,0,0,0,0,0,0,0,0,0,0,1,0,3,0,40,2,0,4.446854365656768,http://paypal-secure-verify.org?confirm=required,1
45,25,0,11,1,2,0,2,1,1,0,0,0,0,0,0,0,0,0,0,0,0,1,0,0,1,0,37,2,0,4.302746985122409,https://icloud-security-check.org?verify=true,1
28,20,0,0,2,0,0,2,0,0,0,0,0,0,0,0,0,0,0,0,0,0,1,0,1,0,0,23,3,0,4.039148671903071,https://news.ycombinator.com,0
43,24,0,11,1,2,0,2,1,1,0,0,0,0,0,0,0,0,0,0,0,0,0,1,0,2,0,35,2,0,4.228963744112236,http://paypal-secure-verify.org?verify=true,1
30,13,0,8,1,0,0,2,1,1,0,0,0,0,0,0,0,0,0,0,0,0,1,0,0,0,5,19,2,0,4.481727678869737,https://facebookk.com?id=12345,1
35,18,9,0,2,0,0,3,0,0,0,0,0,0,0,0,0,0,0,0,0,0,1,0,1,0,0,29,3,1,4.164299088064469,https://www.cloudflare.com/services,0
22,14,0,0,2,0,0,2,0,0,0,0,0,0,0,0,0,0,0,0,0,0,1,0,1,0,0,17,3,0,3.6978458230844122,https://www.amazon.com,0
36,20,8,0,2,0,0,3,0,0,0,0,0,0,0,0,0,0,0,0,0,0,1,0,1,0,0,30,3,1,3.916607904809985,https://news.ycombinator.com/contact,0
57,32,0,16,3,0,0,2,1,1,0,0,0,0,0,0,0,0,0,0,0,0,1,0,2,2,0,49,4,0,4.295192812555186,https://secure.facebook.confirmation.org?confirm=required,1
34,17,9,0,2,0,0,3,0,0,0,0,0,0,0,0,0,0,0,0,0,0,1,0,1,0,0,28,3,1,3.741155855638065,https://support.apple.com/products,0
29,15,6,0,2,0,0,3,0,0,0,0,0,0,0,0,0,0,0,0,0,0,1,0,1,0,0,23,3,1,3.8664331502253844,https://docs.python.org/about,0
27,14,5,0,2,0,0,3,0,0,0,0,0,0,0,0,0,0,0,0,0,0,1,0,1,0,0,21,3,1,3.8100810205217313,https://www.medium.com/news,0
23,10,6,0,1,0,0,3,0,0,0,0,0,0,0,0,0,0,0,0,0,0,0,1,0,1,1,17,2,1,3.8820451081368628,http://amaz0n.com/login,1
32,25,0,0,2,0,0,2,0,0,0,0,0,0,0,0,0,0,0,0,1,0,0,1,1,0,2,24,3,0,4.0746987351738495,http://legitimate.com%40fake.net,1
40,10,6,16,1,0,0,3,1,1,0,0,0,0,0,0,0,0,0,0,0,0,0,1,0,2,1,32,2,1,4.408694969562842,http://amaz0n.com/login?confirm=required,1
28,11,9,0,2,0,0,3,0,0,0,0,0,0,0,0,0,0,0,0,0,0,1,0,1,0,0,22,3,1,3.842370993177109,https://www.cnn.com/services,0
37,20,9,0,2,0,0,3,0,0,0,0,0,1,0,0,0,0,0,0,0,0,1,0,1,0,0,30,3,1,4.296630730201455,https://www.khan academy.org/services,0
30,17,5,0,2,0,0,3,0,0,0,0,0,0,0,0,0,0,0,0,0,0,1,0,1,0,0,24,3,1,3.872905595320056,https://www.microsoft.com/help,0
30,17,5,0,2,0,0,3,0,0,0,0,0,0,0,0,0,0,0,0,0,0,1,0,1,0,0,24,3,1,4.031401845392171,https://www.instagram.com/blog,0
31,17,7,0,1,1,0,3,0,0,0,0,0,0,0,0,0,0,0,0,0,0,0,1,0,2,0,25,2,1,3.9101792788836396,http://update-google.net/secure,1
30,16,6,0,2,0,0,3,0,0,0,0,0,0,0,0,0,0,0,0,0,0,1,0,1,0,0,24,3,1,3.8980685120588383,https://www.facebook.com/about,0
52,32,0,11,3,0,0,2,1,1,0,0,0,0,0,0,0,0,0,0,0,0,1,0,2,3,0,44,4,0,4.3187383444494705,https://secure.facebook.confirmation.org?verify=true,1
31,18,5,0,2,0,0,3,0,0,0,0,0,0,0,0,0,0,0,0,0,0,1,0,1,0,0,25,3,1,3.953565664946427,https://www.techcrunch.com/blog,0
26,13,5,0,2,0,0,3,0,0,0,0,0,0,0,0,0,0,0,0,0,0,1,0,1,0,0,20,3,1,3.7962176025900556,https://www.slack.com/help,0
42,17,6,11,1,1,0,3,1,1,0,0,0,0,0,0,0,0,0,0,0,0,0,1,0,3,0,34,2,1,4.243158791671846,http://paypal-signin.net/login?verify=true,1
28,15,5,0,2,0,0,3,0,0,0,0,0,0,0,0,0,0,0,0,0,0,1,0,1,0,0,22,3,1,3.824862957617356,https://www.youtube.com/news,0
64,44,0,11,6,0,0,2,1,1,0,0,0,0,0,0,0,0,0,0,0,0,1,0,5,4,0,53,7,0,4.292183985216441,https://secure.verify.update.confirm.paypal.evil.com?verify=true,1
24,16,0,0,2,0,0,2,0,0,0,0,0,0,0,0,0,0,0,0,0,0,1,0,1,0,0,19,3,0,3.8035088547976783,https://outlook.live.com,0
27,14,5,0,2,0,0,3,0,0,0,0,0,0,0,0,0,0,0,0,0,0,1,0,1,0,0,21,3,1,3.7080481500712317,https://www.google.com/blog,0
28,15,5,0,2,0,0,3,0,0,0,0,0,0,0,0,0,0,0,0,0,0,1,0,1,0,0,22,3,1,3.7943360657504517,https://www.twitter.com/blog,0
27,14,5,0,2,0,0,3,0,0,0,0,0,0,0,0,0,0,0,0,0,0,1,0,1,0,0,21,3,1,3.7821222241453056,https://www.vercel.com/help,0
50,25,0,16,1,2,0,2,1,1,0,0,0,0,0,0,0,0,0,0,0,0,1,0,0,1,0,42,2,0,4.351272380112912,https://google-security-alert.org?confirm=required,1
28,15,5,0,2,0,0,3,0,0,0,0,0,0,0,0,0,0,0,0,0,0,1,0,1,0,0,22,3,1,3.651478922893308,https://www.twitter.com/help,0
